,album_name,album_id,artist_name,artist_id,year,number_tracks,win,danceability,energy,key,loudness,mode,speechiness,acousticness,instrumentalness,liveness,valence,tempo,duration_ms,time_signature
0,The Button - Down Mind of Bob Newhart (Live),7hX0ROeIkqTmnMYr9aGvYV,Bob Newhart,49mU7Sl98U8MkECsd6zVq0,1961,6,1,0.5241666666666668,0.5218333333333334,6.5,-18.683333333333334,0.3333333333333333,0.9438333333333334,0.8206666666666665,0.0,0.9123333333333332,0.5743333333333334,104.184,321933.33333333326,3.5
1,Belafonte Returns to Carnegie Hall,26UI9qecNlQDjn9QHCEImf,Harry Belafonte,6Tw1ktF4xMmzaLLbe98I2z,1961,19,0,0.4771052631578948,0.3515631578947369,5.526315789473684,-17.101315789473688,0.6842105263157895,0.36231578947368415,0.7208947368421054,9.18421052631579e-06,0.674,0.4240105263157895,115.05557894736843,226913.73684210522,3.8947368421052633
2,Nice 'n' Easy (Remastered),2Xp6c8OMMolIoix6KLyun2,Frank Sinatra,1Mxqyy3pSjf8kZZL4QVxS0,1961,16,0,0.267625,0.1077625,4.5625,-17.576687500000002,0.875,0.0342,0.8859375,0.003093433125,0.15479375,0.1962125,102.2035,193087.5,3.75
3,Puccini: Turandot,3eTeuieUtNTeEjAeqryB0f,Giacomo Puccini,0OzxPXyowUEQ532c9AmHUR,1961,37,0,0.2738918918918919,0.1773486486486486,5.081081081081081,-21.367243243243237,0.4864864864864865,0.05571081081081082,0.9402162162162164,0.13537584540540545,0.3140216216216217,0.1882378378378379,97.24643243243244,185627.02702702704,3.783783783783784
4,Wild Is Love,5k1MBVDHN9fNh9RXXuXLRY,Nat King Cole,7v4imS0moSyGdXyLgVTIV7,1961,14,0,0.36014285714285715,0.3845000000000001,4.285714285714286,-9.308785714285714,0.7857142857142857,0.04781428571428571,0.6422142857142857,1.1135714285714283e-05,0.28778571428571426,0.4040714285714286,96.23407142857144,153912.2857142857,3.8571428571428568
5,Judy At Carnegie Hall,3M0RdVAdvPETjcEvPj7AI0,Judy Garland,0hItVPjwJLVZrFqOyIsxPf,1962,26,1,0.3151153846153846,0.3740269230769232,6.153846153846153,-15.840038461538462,0.7692307692307693,0.2272807692307693,0.7158846153846152,0.0013533776923076925,0.6405769230769232,0.27951923076923074,100.61,282698.76923076925,3.692307692307693
6,Breakfast At Tiffany's (50th Anniversary Edition),53mCG3mQnybqhQfgH5ULUK,Henry Mancini,2EExdpjU4SK3xnJHO5paJf,1962,15,0,0.4839533333333333,0.2690333333333333,4.933333333333334,-17.533666666666665,0.6666666666666666,0.035,0.8633333333333333,0.557664,0.10874666666666667,0.4585066666666666,122.85446666666668,173367.66666666663,3.6
7,Genius + Soul = Jazz,1VTSotSPiRvCbAtlQvSS5q,Ray Charles,1eYhYunlNJlDoQhtYBvPsi,1962,10,0,0.5107,0.2825,4.9,-18.446400000000004,0.5,0.05725,0.7027,0.24448499999999998,0.2572,0.6095,122.4085,223227.0,3.9
8,Great Band With Great Voices,52a7wxVQoJuGkoxkp7RMbD,The Si Zentner Orchestra,1eUYmq0oYUaGp7WtgUv7Fa,1962,12,0,0.3823166666666665,0.2880000000000001,5.083333333333333,-13.076833333333333,0.5833333333333334,0.033341666666666665,0.8755833333333335,0.1615373425,0.19385,0.3123833333333334,111.33775,158172.25,4.0
9,The Nat King Cole Story,3NoP1ifIejWkGSDsO9T2xH,Nat King Cole,7v4imS0moSyGdXyLgVTIV7,1962,36,0,0.4102222222222223,0.1797888888888889,4.305555555555555,-18.354666666666667,0.8055555555555556,0.056225,0.8685555555555555,0.003153279444444444,0.1887416666666667,0.3635083333333334,108.07144444444445,173338.5,3.4722222222222223
10,West Side Story (Original Motion Picture Soundtrack),1kA4RO70idrEQkOX3zlRfa,Leonard Bernstein,2LmyJyCF5V1eQyvHgJNbTn,1962,19,0,0.3821052631578946,0.3128789473684211,4.421052631578949,-13.510052631578946,0.8421052631578947,0.14631052631578947,0.7768421052631579,0.17643018947368425,0.2439526315789473,0.3554631578947369,100.23494736842105,248112.26315789478,3.5263157894736836
11,The First Family: Volume 1,1t4XBFqZcsZ5m15AkbX7CH,"Vaughn Meader, Bob Booker, Earle Doud, Naomi Brossart",2dAL7yfipmokM2b00E2kEP,1963,17,1,0.5901176470588236,0.6593529411764706,5.941176470588236,-11.693470588235295,0.7058823529411765,0.8707647058823528,0.6970000000000001,0.00019316470588235296,0.8101176470588235,0.5648823529411766,93.52994117647057,127589.88235294115,3.7058823529411766
12,I Left My Heart In San Francisco,64CGgldzMUCxdkvmDb3OU7,Tony Bennett,2lolQgalUvZDfp5vvVtTYV,1963,12,0,0.3698333333333333,0.2638333333333333,3.583333333333333,-15.45133333333333,0.9166666666666666,0.03959166666666667,0.8349166666666666,1.2383333333333333e-06,0.21533333333333332,0.3415833333333333,104.12899999999998,156782.33333333337,3.8333333333333335
13,Jazz Samba,5Lyz7ZD1UaPq6WoEqTOqom,Stan Getz,0FMucZsEnCxs5pqBjHjIc8,1963,7,0,0.6172857142857142,0.3082857142857143,4.428571428571429,-19.736285714285714,0.5714285714285714,0.0672,0.7935714285714285,0.4077428571428571,0.16785714285714284,0.6917142857142858,101.49271428571429,283163.85714285716,4.0
14,"Modern Sounds in Country and Western Music, Vols 1 & 2",4j4w5DDWMKD7ePStAl19OF,Ray Charles,1eYhYunlNJlDoQhtYBvPsi,1963,24,0,0.3800833333333333,0.2644833333333333,4.458333333333333,-13.964583333333332,0.875,0.04383333333333333,0.8554166666666667,0.005179646666666668,0.19905416666666667,0.4991666666666666,92.01179166666668,185293.79166666663,3.8333333333333335
15,The Barbra Streisand Album: Arranged and Conducted by Peter Matz,6lJaBPh4nMloLfWh2SQI6x,Barbra Streisand,7jmTilWYlKOuavFfmQAcu6,1964,11,1,0.4212727272727273,0.20334545454545447,7.0,-15.442818181818181,0.4545454545454545,0.08831818181818182,0.863818181818182,2.6932727272727273e-05,0.17126363636363634,0.3629090909090909,102.37618181818183,177943.0,3.4545454545454546
16,Days of Wine and Roses,5T96TsYBodCRdJagO3fElw,Andy Williams,4sj6D0zlMOl25nprDJBiU9,1964,12,0,0.35800000000000004,0.3212166666666667,3.25,-13.194250000000002,0.8333333333333334,0.03603333333333333,0.8730833333333333,0.0006944183333333332,0.19215833333333332,0.4746666666666666,98.2375,154628.75,3.6666666666666665
17,Honey In The Horn,0IIX2QFWqEIvlEtVhuaurZ,Al Hirt,0TGsWvnbtExsbGUSWtXENE,1964,12,0,0.4114166666666667,0.4516666666666666,3.4166666666666665,-10.065666666666667,0.8333333333333334,0.0372,0.8314166666666667,0.7118558333333334,0.17934166666666665,0.50025,96.66258333333332,147218.91666666663,3.8333333333333335
18,Getz/Gilberto,73ZRKdD3Ds43IjHrhKgucY,Stan Getz,0FMucZsEnCxs5pqBjHjIc8,1964,10,1,0.5719000000000001,0.15009999999999998,5.3,-17.5127,0.5,0.050940000000000006,0.9292,0.04645729,0.11319,0.4753,128.476,236184.8,3.9
19,Cotton Candy,6tOmzmzVbyYQ2K6RxbNtRi,Al Hirt,0TGsWvnbtExsbGUSWtXENE,1964,12,0,0.5364166666666667,0.5139166666666667,4.25,-11.15325,0.9166666666666666,0.03219166666666667,0.5531666666666667,0.6680990000000001,0.1570583333333333,0.7241666666666666,124.93691666666666,139236.83333333337,3.5
20,Funny Girl - Original Soundtrack Recording,0G8qWYPobQUV9wDm2XABPp,Orchestra,21ND47q78JLAfDR1qpKQmj,1964,14,0,0.3983357142857142,0.25697857142857145,5.7142857142857135,-13.341928571428571,0.7857142857142857,0.10939999999999997,0.7902142857142856,0.10442822142857144,0.1285714285714286,0.3430071428571428,102.74121428571426,202791.35714285716,4.071428571428571
21,People,21oRxiQXg8IX8yjmuqdP9B,Barbra Streisand,7jmTilWYlKOuavFfmQAcu6,1965,12,0,0.28950000000000004,0.3905833333333333,5.166666666666667,-8.872833333333332,0.75,0.04038333333333333,0.9086666666666664,8.586666666666665e-06,0.19276666666666667,0.2399333333333333,94.35941666666666,164828.83333333337,3.333333333333333
22,The Pink Panther - Original Soundtrack,4fEGGDaDNDLvXPylhbJdBy,Henry Mancini,2EExdpjU4SK3xnJHO5paJf,1965,12,0,0.4569166666666666,0.3611666666666665,3.9166666666666665,-13.436,0.5,0.04041666666666667,0.6664833333333334,0.4423583333333334,0.16308333333333333,0.5053166666666667,116.83125,145311.08333333337,3.75
23,September Of My Years (Expanded Edition),3DdN3GRJj8YS0V0fiyXtbt,Frank Sinatra,1Mxqyy3pSjf8kZZL4QVxS0,1965,15,1,0.2299333333333333,0.16399999999999998,3.4,-15.743133333333333,0.9333333333333332,0.034300000000000004,0.8365333333333334,4.615333333333333e-06,0.17246666666666666,0.15235333333333334,88.37219999999998,208237.4,3.6666666666666665
24,Help! (Remastered),0PT5m6hwPRrpBwIHVnvbFX,The Beatles,3WrFJ7ztbogyGnTHbHJFl2,1965,14,0,0.528,0.6109285714285715,6.428571428571429,-8.258571428571429,0.9285714285714286,0.0384,0.2953857142857142,0.00031785714285714284,0.1560857142857143,0.7267142857142856,116.29871428571428,145359.14285714287,3.7857142857142856
25,My Name Is Barbra,2wSry8lBRkXtIdP9vaTtDL,Barbra Streisand,7jmTilWYlKOuavFfmQAcu6,1965,12,0,0.2973333333333333,0.2179916666666667,4.333333333333333,-13.491500000000002,0.8333333333333334,0.042508333333333335,0.9565,0.0005926708333333332,0.18183333333333326,0.2622166666666667,93.93866666666668,154180.16666666663,3.5
26,My World,2AuHUprHzZOXDyJSinNdwE,Eddy Arnold,5QsUbpxSE8lCZ5ga5rnD22,1965,12,0,0.38975,0.2969166666666666,3.9166666666666665,-12.115333333333332,1.0,0.032225000000000004,0.8064999999999998,0.0110806175,0.14503333333333332,0.4338333333333335,118.88141666666664,146198.83333333337,3.583333333333333
27,The Sound Of Music (50th Anniversary Edition),6p9jUvfQvXHAzStDArgYj5,Julie Andrews,5RdqZVi36tpDPYNPw8jJbO,1965,27,0,0.3494814814814815,0.22868148148148146,5.0,-13.584666666666667,0.8888888888888888,0.04922962962962964,0.7678148148148148,0.16713203740740742,0.20028518518518515,0.36692592592592604,109.27696296296298,166455.33333333337,3.4444444444444446
28,A Man And His Music,6lmuhQkwg4qkjytuho7Oxz,Frank Sinatra,1Mxqyy3pSjf8kZZL4QVxS0,1966,32,1,0.43146875,0.212634375,5.125,-17.714781250000005,0.875,0.106490625,0.73590625,3.10321875e-05,0.223603125,0.438753125,104.03746875000004,193411.6875,3.625
29,Color Me Barbra,4aBWPP2oFW7J4efNtqEGkl,Barbra Streisand,7jmTilWYlKOuavFfmQAcu6,1966,10,0,0.2955,0.2891,4.7,-14.6297,0.7,0.047160000000000014,0.8662000000000001,0.000298198,0.24583000000000002,0.32110999999999995,99.6798,204917.2,3.6
30,Doctor Zhivago (Original Motion Picture Soundtrack),1x0wDUT6vBoqe8GPRwB1nj,Maurice Jarre,6iyQYs37mRXLW04Z9NOnNT,1966,45,0,0.2446711111111112,0.22055111111111114,5.266666666666667,-19.88322222222222,0.6222222222222222,0.038988888888888885,0.7173325555555553,0.38437778977777776,0.24373555555555554,0.26330222222222216,107.86926666666668,93034.08888888887,3.555555555555556
31,Revolver (Remastered),3PRoXYsngSwjEQWR5PsHWR,The Beatles,3WrFJ7ztbogyGnTHbHJFl2,1966,14,0,0.4824285714285714,0.5305714285714286,4.928571428571429,-8.736285714285716,0.7857142857142857,0.03927142857142857,0.4061345714285715,0.026007733571428576,0.2544571428571429,0.6261714285714285,126.28057142857143,148997.07142857142,3.928571428571429
32,What Now My Love,6w5JcPQFpaT8mXM9dDqhcB,Herb Alpert & The Tijuana Brass,09L3cUdx0hq6qn5bKuJJ4I,1966,12,0,0.5920000000000001,0.40758333333333335,4.916666666666667,-12.722500000000002,0.6666666666666666,0.0672,0.5920000000000001,0.6226333333333334,0.11354166666666665,0.5454666666666667,132.95775,154616.75,4.0
33,Sgt. Pepper's Lonely Hearts Club Band (Remastered),6QaVfG1pHYl1z15ZxkvVDW,The Beatles,3WrFJ7ztbogyGnTHbHJFl2,1967,13,1,0.5153846153846154,0.4825384615384616,2.9230769230769234,-9.939692307692308,0.7692307692307693,0.050223076923076926,0.2987615384615385,0.045518621538461534,0.3812692307692308,0.6283846153846154,115.73430769230768,184249.3076923077,3.615384615384616
34,Francis Albert Sinatra & Antonio Carlos Jobim (50th Anniversary Edition),3xN9KNcFz7zgjfNu6mQD6M,Antônio Carlos Jobim,3pO5VjZ4wOHCMBXOvbMISG,1967,12,0,0.38683333333333336,0.18830833333333333,4.75,-18.259416666666667,0.6666666666666666,0.03809166666666667,0.7776666666666667,0.015039316666666663,0.2123583333333333,0.2681,113.20241666666668,231132.33333333328,4.0
35,It Must Be Him (Bonus Track Edition),77ECOoesygcTfXRhn4rteH,Vikki Carr,3tM3DTmG7ahfACzwqtazLD,1967,13,0,0.4563846153846153,0.3486923076923077,4.153846153846153,-11.629692307692306,0.9230769230769232,0.043130769230769236,0.7649230769230768,0.016845368461538463,0.2762692307692308,0.5011538461538462,124.96515384615385,162261.53846153847,3.5384615384615383
36,My Cup Runneth Over,6nauZFLtoFKcCwHt8zPyuP,Ed Ames,1iBpJEBrSFXCtPOc5OUZiY,1967,11,0,0.2656363636363637,0.3284545454545454,4.909090909090909,-12.391727272727273,0.8181818181818182,0.034,0.8059999999999999,0.002348536363636364,0.1585363636363636,0.3091,120.68454545454544,154020.63636363635,3.272727272727273
37,Ode To Billie Joe,05I1EsreLq47JU8pypj7TR,Bobbie Gentry,4E9w0bms6HcEppFlWjeW2d,1967,10,0,0.5237999999999999,0.2982,6.8,-13.6548,0.8,0.047019999999999985,0.7736999999999999,1.147e-05,0.09914,0.5879000000000001,124.04760000000002,181710.5,3.9
38,By The Time I Get To Phoenix (Remastered),29tTA46kurlOioRkjBqOMS,Glen Campbell,59hLmB5DrdihCYtNeFeW1U,1969,11,1,0.4016363636363636,0.3862727272727273,5.181818181818182,-11.796545454545456,0.8181818181818182,0.03035454545454545,0.14680636363636365,0.0011144536363636363,0.157,0.4681818181818182,96.81109090909092,146935.63636363635,3.9090909090909087
39,Bookends,3bzgbgiytguTDnwzflAZr2,Simon & Garfunkel,70cRZdQywnSFp9pnc2WTCE,1969,12,0,0.4490833333333333,0.2911833333333333,4.833333333333333,-18.823666666666668,0.5,0.10745833333333334,0.5931833333333334,0.07945874416666666,0.22534166666666666,0.50825,119.09200000000001,147274.33333333337,3.8333333333333335
40,Feliciano,2uNZs8gPxog0FALe62yeuO,José Feliciano,7K78lVZ8XzkjfRSI7570FF,1969,11,0,0.39,0.3188181818181818,4.818181818181818,-14.941727272727276,0.5454545454545454,0.041027272727272725,0.8424545454545455,0.21094729090909087,0.2043636363636364,0.5014545454545455,101.06681818181818,202115.0909090909,3.9090909090909087
41,Magical Mystery Tour (Remastered),2BtE7qm1qzM80p9vLSiXkj,The Beatles,3WrFJ7ztbogyGnTHbHJFl2,1969,11,0,0.466909090909091,0.4865454545454546,4.363636363636363,-10.410727272727273,0.9090909090909092,0.053690909090909095,0.3112727272727273,0.08340126818181819,0.17888181818181814,0.4736181818181818,111.12263636363636,199348.0,4.0
42,A Tramp Shining,5UZvF4xIz7lbGwxIW7AcV7,Richard Harris,30Qh39o424P9qgdHNVouvo,1969,9,0,0.3007777777777777,0.3262222222222222,4.777777777777779,-14.905111111111115,1.0,0.03255555555555556,0.5382444444444445,0.062471777777777765,0.168,0.2594444444444444,100.07455555555555,212686.66666666663,3.4444444444444446
43,"Blood, Sweat And Tears 3",3Va4LEJ4n3EZxMo3CGLpB5,"Blood, Sweat & Tears",24GaH9tRBgZjlvOhpFuKi2,1969,10,1,0.4087,0.32794,7.6,-15.7206,0.7,0.06036000000000001,0.6695,0.07176468700000001,0.18117000000000005,0.40078,100.5123,254777.4,3.8
44,Abbey Road (Remastered),0ETFjACtuP2ADo6LFhL6HN,The Beatles,3WrFJ7ztbogyGnTHbHJFl2,1969,17,0,0.5179999999999999,0.4571764705882353,3.5882352941176467,-11.344411764705885,0.7058823529411765,0.04731176470588234,0.22496411764705884,0.12280226588235292,0.17771764705882356,0.4591764705882353,118.16676470588231,167629.82352941178,3.647058823529412
45,The Age Of Aquarius,1kVipwgtVNAaHM7Py341Ch,The 5th Dimension,1UUYAQ9LiRsZF0ZukQNWXM,1969,13,0,0.4643846153846154,0.6929230769230768,4.6923076923076925,-6.385692307692307,0.5384615384615384,0.03343846153846153,0.34428461538461536,0.002866303076923077,0.11707692307692305,0.7467692307692307,124.37830769230769,188753.84615384613,4.0
46,At San Quentin,6bYqwLMVRQzwPQweVzCiry,Johnny Cash,6kACVPfCOnqzgfEF5ryl0x,1969,10,0,0.4926,0.6058,8.3,-11.5744,1.0,0.31956,0.7017999999999999,0.000256902,0.6609999999999999,0.6825,127.56159999999996,204506.5,3.6
47,Ode To Billie Joe,05I1EsreLq47JU8pypj7TR,Bobbie Gentry,4E9w0bms6HcEppFlWjeW2d,1967,10,0,0.5237999999999999,0.2982,6.8,-13.6548,0.8,0.047019999999999985,0.7736999999999999,1.147e-05,0.09914,0.5879000000000001,124.04760000000002,181710.5,3.9
48,Bridge Over Troubled Water,0JwHz5SSvpYWuuCNbtYZoV,Simon & Garfunkel,70cRZdQywnSFp9pnc2WTCE,1971,11,1,0.4553636363636363,0.5128181818181818,6.727272727272728,-12.867909090909093,0.9090909090909092,0.04163636363636364,0.5209090909090908,0.03310798818181818,0.26691818181818183,0.5669090909090909,121.1011818181818,202197.45454545453,3.9090909090909087
49,Chicago II,0PRgsdDXQ8QPaDUetVF7yN,Chicago,3iDD7bnsjL9J4fO298r0L0,1971,25,0,0.5096,0.5574359999999999,5.04,-9.3986,0.64,0.06382399999999999,0.45135200000000003,0.3238490844000001,0.217912,0.491092,129.1916,174881.76,3.68
50,Elton John,0C2grVR8DnJnL8rg7OP6Zm,Elton John,3PhoLpVuITZKcymswpck5b,1971,13,0,0.4625384615384615,0.4055307692307692,4.615384615384615,-12.079692307692307,0.6923076923076923,0.04167692307692309,0.5357076923076923,5.2636153846153836e-05,0.21753846153846151,0.4223846153846154,119.55353846153842,234824.15384615387,3.9230769230769234
51,Sweet Baby James (2019 Remaster),1HiG0ukRmFPN13EVcf98Jx,James Taylor,0vn7UBvSQECKJm2817Yf1P,1971,11,0,0.6110909090909089,0.2173909090909091,3.9090909090909087,-18.15745454545455,0.9090909090909092,0.04116363636363636,0.757090909090909,0.03730260454545455,0.1112,0.5734545454545456,117.02490909090908,174059.36363636365,3.9090909090909087
52,Tapestry,12n11cgnpjXKLeqrnIERoS,Carole King,319yZVtYM9MBGqmSQnMyY6,1972,12,1,0.5519999999999999,0.33383333333333337,5.75,-11.573583333333335,0.75,0.032649999999999985,0.7717499999999999,0.0011581916666666668,0.10874166666666668,0.5134166666666666,124.39983333333332,222795.5833333333,3.8333333333333335
53,All Things Must Pass (Remastered 2014),4I4xtHaIFOzhZfp1NIHkY6,George Harrison,7FIoB5PHdrMZVC3q2HE5MS,1972,28,0,0.4585357142857142,0.6205357142857143,5.178571428571429,-9.004821428571429,0.7857142857142857,0.034503571428571425,0.2803975,0.18501980357142853,0.17499285714285714,0.5174107142857143,121.54439285714285,268441.4285714286,3.9642857142857135
54,5Carpenters,3Br6amYT7sC9y3uvHkfRDI,Carpenters,1eEfMU2AhEo7XnKgL7c304,1972,10,0,0.4166,0.26724000000000003,5.7,-12.8733,0.8,0.04166,0.7716999999999999,0.000229119,0.15864,0.3246000000000001,102.7739,189599.9,4.0
55,Jesus Christ Superstar,2utlHy2K3j4lpaVauM1aUU,"""Jesus Christ Superstar"" Orchestra",5faDSsR2pLQtGZbkS8ZhNA,1972,23,0,0.3950478260869565,0.5527391304347827,4.695652173913044,-8.918304347826087,0.6086956521739131,0.06474347826086957,0.3545652173913043,0.05658589869565218,0.2834347826086957,0.3861304347826086,110.68165217391306,227413.21739130432,4.086956521739131
56,Shaft (Deluxe Edition),5HAXYSqdNjjbvoFrXwtrBw,Isaac Hayes,3IKV7o6WPphDB7cCWXaG3E,1972,16,0,0.568,0.36315,5.1875,-17.272625,0.5,0.040968750000000005,0.28997500000000004,0.2488944425,0.1309875,0.575875,111.2295625,279112.4375,3.75
57,American Pie,10jsW2NYd9blCrDITMh2zS,Don McLean,1gRNBaI4yn6wCCTvRhGWh8,1973,10,0,0.4895000000000001,0.24764,6.1,-16.665,0.6,0.03772,0.8042,0.00126642,0.22288,0.4747,110.03919999999998,218106.5,3.9
58,Jesus Christ Superstar,2utlHy2K3j4lpaVauM1aUU,"""Jesus Christ Superstar"" Orchestra",5faDSsR2pLQtGZbkS8ZhNA,1973,23,0,0.3950478260869565,0.5527391304347827,4.695652173913044,-8.918304347826087,0.6086956521739131,0.06474347826086957,0.3545652173913043,0.05658589869565218,0.2834347826086957,0.3861304347826086,110.68165217391306,227413.21739130432,4.086956521739131
59,Moods,3m4xJJDmVNzsWaJ6OlLTru,Neil Diamond,7mEIug7XUlQHikrFxjTWes,1973,11,0,0.4741818181818181,0.3037636363636364,2.0,-18.95027272727273,1.0,0.03779090909090909,0.4753636363636364,0.05822574545454546,0.12883636363636364,0.4851727272727273,113.10190909090907,183103.0909090909,3.8181818181818175
60,Nilsson Schmilsson,3EfpOFKjotrMQTFTnxrXaB,Harry Nilsson,3RTzAwFprBqiskp550eSJX,1973,10,0,0.4952,0.36316,3.4,-16.027299999999997,0.9,0.0498,0.43454220000000005,0.07346220099999999,0.12713000000000002,0.5914400000000001,117.5595,212182.6,4.0
61,Innervisions,5jgI8Eminx9MmLBontDWq8,Stevie Wonder,7guDJrEfX3qb6FEbdPA5qi,1974,9,1,0.5758888888888889,0.6331111111111112,5.333333333333333,-11.091444444444445,0.4444444444444444,0.05127777777777778,0.4090222222222223,0.00035745888888888893,0.1484888888888889,0.5517777777777777,110.86166666666666,295062.44444444444,4.0
62,Behind Closed Doors,6waJgGNygMY0KJb3g06uA6,Charlie Rich,218kRJZ7FJs0hWIk8Ynzhz,1974,11,0,0.471,0.2994545454545455,5.0,-14.377272727272725,1.0,0.029790909090909087,0.8170000000000001,0.16809640636363635,0.2469909090909091,0.3839090909090909,104.34272727272727,169629.18181818182,3.636363636363636
63,The Divine Miss M,0WCR1ZDrcXuNerUd6mbeiP,Bette Midler,13y0kncDD4J9wxCyfKr10W,1974,11,0,0.4361818181818183,0.4557727272727273,3.363636363636364,-12.061545454545454,0.8181818181818182,0.06452727272727271,0.5762090909090909,9.602363636363636e-05,0.267,0.4951545454545455,137.28418181818185,223350.45454545453,3.9090909090909087
64,Killing Me Softly,4GxrvKiysSiDU1HHifh1PA,Roberta Flack,0W498bDDNlJIrYMKXdpLHA,1974,8,0,0.435375,0.33086249999999995,6.375,-13.7805,0.75,0.0345375,0.6031249999999999,0.0289,0.0952125,0.2517875,112.91599999999998,307310.0,3.875
65,There Goes Rhymin' Simon,50pzpI17hwQj7LKcOiLMFD,Paul Simon,2CvCyf1gEVhI0mX6aFXmVI,1974,14,0,0.6102142857142858,0.2990714285714286,4.714285714285714,-16.27692857142857,0.8571428571428571,0.038764285714285716,0.5765571428571429,0.010703332142857142,0.11938571428571428,0.4979999999999999,106.19228571428572,213880.0,3.928571428571429
66,Fulfillingness' First Finale,1kda4McF274Jl5x3aOAmPJ,Stevie Wonder,7guDJrEfX3qb6FEbdPA5qi,1975,10,1,0.5356000000000001,0.5331,7.6,-11.3268,0.4,0.04571,0.5505,0.044148841000000015,0.25689,0.4549,91.3702,255689.7,4.0
67,Back Home Again,6zWmAA39H0c4SjnD4MB1Dm,John Denver,7EK1bQADBoqbYXnT4Cqv9w,1975,14,0,0.4907142857142858,0.3085142857142857,4.857142857142857,-12.428142857142856,1.0,0.0347,0.8490000000000001,0.0015850735714285713,0.1515357142857143,0.612642857142857,120.75357142857143,194483.7857142857,3.8571428571428568
68,Band On The Run (Standard),257oomaawruFknt5wYCPDh,Wings,3sFhA6G1N0gG1pszb6kk1m,1975,9,0,0.546888888888889,0.5154444444444445,5.0,-9.75711111111111,0.7777777777777778,0.03322222222222223,0.1060222222222222,0.0929510111111111,0.17287777777777774,0.5656666666666667,115.94966666666667,273457.7777777777,3.888888888888889
69,Caribou,2R5dzEQT6MDsnwiZSpWgqC,Elton John,3PhoLpVuITZKcymswpck5b,1975,14,0,0.5349285714285715,0.6713571428571429,4.285714285714286,-8.624357142857143,1.0,0.0364,0.18701428571428574,0.014601925714285716,0.12826428571428575,0.6856428571428571,122.78007142857142,274136.21428571426,4.0
70,Still Crazy After All These Years,4A366gjTrYQwmRtkTezF2W,Paul Simon,2CvCyf1gEVhI0mX6aFXmVI,1976,12,1,0.5915833333333333,0.36565,5.416666666666668,-13.8905,0.8333333333333334,0.03921666666666667,0.6384166666666667,0.011690291666666668,0.12065,0.3949,104.11258333333332,226981.25,3.333333333333333
71,Between the Lines (Remastered),6RjDm4cjV3MFndKrpLUxpO,Janis Ian,5c9uFWpZY2MTlk7Rft0tgp,1976,11,0,0.4602727272727272,0.27352727272727273,5.2727272727272725,-14.796545454545456,0.7272727272727273,0.05732727272727274,0.7469090909090909,6.600363636363636e-05,0.1141181818181818,0.29027272727272724,117.06090909090908,239332.0,4.0
72,Captain Fantastic And The Brown Dirt Cowboy,4UcpKa4yD9AA3iEHI8MFSF,Elton John,3PhoLpVuITZKcymswpck5b,1976,13,0,0.5483076923076923,0.49700000000000005,5.0769230769230775,-11.355307692307697,0.6923076923076923,0.03426153846153845,0.1818607692307692,0.0007932523076923079,0.13194615384615382,0.5359230769230771,127.6586153846154,288636.4615384616,3.7692307692307687
73,Heart Like A Wheel,7upKDUGJUjsvfIe6vuVB0b,Linda Ronstadt,1sXbwvCQLGZnaH0Jp2HTVc,1976,10,0,0.5065000000000001,0.3537,4.5,-11.7325,1.0,0.03063,0.4941400000000001,0.0009505739999999999,0.11589,0.4134000000000001,117.82649999999998,190440.1,3.9
74,One of These Nights (2013 Remaster),0F77QekrNe8vVAjU2sepja,Eagles,0ECwFtbIWEVNwjlrfc6xoL,1976,9,0,0.496888888888889,0.536,6.0,-9.651888888888891,0.8888888888888888,0.030633333333333325,0.2276,0.14677455555555555,0.13817777777777776,0.5255777777777778,113.46755555555555,286837.11111111107,3.7777777777777777
75,Songs In The Key Of Life,6YUCc2RiXcEKS9ibuZxjt0,Stevie Wonder,7guDJrEfX3qb6FEbdPA5qi,1977,21,1,0.5548571428571429,0.5623190476190475,5.3809523809523805,-11.829619047619047,0.5238095238095238,0.058166666666666665,0.2781219047619048,0.017343352857142856,0.1843095238095238,0.5695238095238095,111.24357142857141,300072.7619047619,3.761904761904762
76,Breezin',1ei5QjnfB7PHINJOH8Gft5,George Benson,4N8BwYTEC6XqykGvXXlmfv,1977,9,0,0.6453333333333334,0.6074444444444445,5.666666666666668,-10.568666666666664,0.4444444444444444,0.04086666666666667,0.5,0.5295951222222223,0.15517777777777778,0.6636666666666667,101.54299999999999,384343.66666666674,3.888888888888889
77,Chicago X,4asBn7hzIq2Ka7rDzJN24P,Chicago,3iDD7bnsjL9J4fO298r0L0,1977,13,0,0.5379230769230771,0.69,5.307692307692308,-7.302538461538463,1.0,0.04019230769230769,0.08956384615384616,0.1154517230769231,0.17083076923076926,0.6180000000000001,114.22369230769232,213414.3076923077,4.0
78,Frampton Comes Alive!,1SJZWjxsSbKvSycxDfnwcN,Peter Frampton,0543y7yrvny4KymoaneT4W,1977,14,0,0.4387857142857143,0.6901428571428571,3.4285714285714284,-8.281214285714285,0.9285714285714286,0.04599285714285714,0.2205135714285714,0.068889615,0.8938571428571429,0.4437857142857143,124.93507142857142,331054.35714285716,3.928571428571429
79,Silk Degrees,7DysI4j6UqK00RTfETKXqs,Boz Scaggs,46njgd2Rq9tZc4ZjeQMgbh,1977,13,0,0.5550769230769231,0.7120000000000001,4.6923076923076925,-6.522846153846152,0.8461538461538461,0.04079230769230769,0.2117230769230769,0.02945519615384615,0.3507230769230769,0.6022538461538461,125.61723076923077,246165.0769230769,4.0
80,Rumours,1bt6q2SruMsBtcerNVtpZB,Fleetwood Mac,08GQAI4eElDnROBrJRGE0X,1978,11,1,0.6465454545454546,0.5912,6.363636363636362,-9.052363636363637,0.8181818181818182,0.04374545454545455,0.2855,0.04849985454545455,0.11940909090909092,0.7104545454545456,130.80372727272726,218046.0,4.0
81,Aja,51XjnQQ9SR8VSEpxPO9vrW,Steely Dan,6P7H3ai06vU1sGvdpBwDmE,1978,7,0,0.6399999999999999,0.488142857142857,4.571428571428571,-12.535,0.8571428571428571,0.0415,0.14756999999999998,0.0076204285714285705,0.0672857142857143,0.6351428571428571,120.76628571428571,343028.71428571426,4.0
82,Hotel California (2013 Remaster),2widuo17g5CEC66IbzveRu,Eagles,0ECwFtbIWEVNwjlrfc6xoL,1978,9,0,0.4936666666666667,0.4342222222222223,3.555555555555556,-10.095888888888886,1.0,0.035822222222222234,0.21793777777777776,0.12960697777777774,0.21397777777777774,0.4620777777777778,128.16133333333332,289742.7777777777,3.888888888888889
83,JT,0Pbc9Jq12a47mQ1z9yIuhn,James Taylor,0vn7UBvSQECKJm2817Yf1P,1978,12,0,0.6510833333333333,0.28445,3.5,-14.747416666666668,0.8333333333333334,0.051541666666666666,0.5324666666666668,0.009529215833333332,0.10830833333333334,0.440425,105.81133333333334,189261.25,3.9166666666666665
84,Star Wars: A New Hope (Original Motion Picture Soundtrack),55gMu4AvAKCbCaGv3GIXgy,John Williams,3dRfiJ2650SZu6GbydcHNb,1978,16,0,0.26791875,0.19848750000000004,2.8125,-17.7985,0.6875,0.045131250000000005,0.7955,0.72574375,0.126475,0.12493125,100.2115,281603.375,3.625
85,Saturday Night Fever (The Original Movie Soundtrack Deluxe Edition),3xaCKtqadm4KnviPFKEjs7,Bee Gees,1LZEQNv7sE11VDY3SdxQeN,1979,21,1,0.670047619047619,0.6824285714285714,5.666666666666668,-11.421190476190475,0.42857142857142855,0.055828571428571436,0.2478402380952381,0.19419512952380952,0.2147857142857143,0.7893809523809523,112.86214285714287,264672.3809523809,4.0
86,Even Now,1ILknbSc8Ll0TqA8oJKkNV,Barry Manilow,3alW3LYQS8K29z8C8NSLIX,1979,14,0,0.3821428571428572,0.39192857142857146,4.5,-11.626142857142858,0.42857142857142855,0.0331,0.5059428571428571,0.0022232442857142857,0.15904285714285712,0.3537142857142857,119.42135714285715,206210.5,3.928571428571429
87,Grease (The Original Motion Picture Soundtrack),5n47Dui0H3pGpZSOxITmoq,Frankie Valli,3CDKmzJu6uwEGnPLLZffpD,1979,24,0,0.6070833333333333,0.4423333333333335,5.125,-12.439666666666666,0.8333333333333334,0.057233333333333324,0.5268791666666667,0.09816485083333336,0.14872499999999994,0.6515958333333335,119.41520833333334,159041.66666666663,3.625
88,Running on Empty (2018 Remaster),24UtAJJRIuHICjdIDqaNhg,Jackson Browne,5lkiCO9UQ8B23dZ1o0UV4m,1979,10,0,0.5570999999999999,0.446,5.7,-11.5256,1.0,0.03912,0.47338,0.109105765,0.3982,0.4431,125.8776,255309.6,4.0
89,Some Girls,1Jv2AqzhgsduUik2p4k3cS,The Rolling Stones,22bE4uQ6baNwSHPVcDxLCe,1979,10,0,0.5837,0.8919,5.0,-3.0789,0.8,0.07970000000000001,0.4057,0.35998,0.23843,0.7452000000000001,120.7712,244433.3,4.0
90,52nd Street,1HmCO8VK98AU6EXPOjGYyI,Billy Joel,6zFYqv1mOsgBRQbae3JJ9e,1980,9,1,0.6028888888888889,0.4782222222222223,5.222222222222221,-15.348444444444445,0.7777777777777778,0.07383333333333332,0.21856666666666666,0.009073672222222223,0.1217111111111111,0.5962222222222222,132.71099999999998,269528.88888888893,4.0
91,Minute by Minute,7je2uv9QBH65HhADDZitbB,The Doobie Brothers,39T6qqI0jDtSWWioX8eGJz,1980,10,0,0.7108000000000001,0.4717000000000001,6.2,-16.0113,0.6,0.043210000000000005,0.36685999999999996,0.07878847800000001,0.06272000000000001,0.9169,117.1104,219802.6,3.9
92,The Gambler,3XdvQjIMjdwxRivZrg1ziJ,Kenny Rogers,4tw2Lmn9tTPUv7Gy7mVPI4,1980,11,0,0.5799090909090908,0.491909090909091,5.909090909090909,-12.853636363636362,0.8181818181818182,0.04695454545454545,0.3394454545454545,2.736181818181818e-05,0.14350909090909092,0.7174545454545455,132.40863636363636,224056.9090909091,4.0
93,Bad Girls,58GjBhQvLHwfQFJtdP9Oxg,Donna Summer,2eogQKWWoohI3BSnoG7E2U,1980,15,0,0.7214666666666666,0.5465333333333333,4.866666666666666,-15.374266666666667,0.8,0.046626666666666684,0.09212999999999999,0.0465264,0.15494000000000002,0.7410666666666665,121.63246666666667,285505.8,4.0
94,Breakfast In America,7i75GRwJbhDDiLi2uQHTtZ,Supertramp,3JsMj0DEzyWc0VDlHuy9Bx,1980,10,0,0.4823,0.4871,4.2,-13.6451,0.7,0.03961,0.4794000000000001,0.01259034,0.08114999999999999,0.5191000000000001,111.3178,275719.2,4.0
95,Christopher Cross,2m2nl8cBT7bEgIA6LLmgah,Christopher Cross,695W5F2Ih8dYahLdjVOIoH,1981,9,1,0.6644444444444444,0.4853333333333334,5.666666666666668,-14.002666666666665,0.8888888888888888,0.035500000000000004,0.376,0.011738518888888891,0.19222222222222216,0.6199999999999999,122.10055555555556,256479.1111111111,4.0
96,Glass Houses,5sztejERqpktXEdemlUvU5,Billy Joel,6zFYqv1mOsgBRQbae3JJ9e,1981,10,0,0.6369,0.6977000000000001,5.6,-7.736099999999999,0.9,0.06725999999999999,0.20389000000000002,3.861e-06,0.18226,0.7356,136.7068,209274.7,4.0
97,The Wall,5Dbax7G8SWrP9xyzkOvy2F,Pink Floyd,0k17h0D3J5VfsdmQ1iZtE9,1981,26,0,0.4728076923076922,0.25329230769230765,5.5769230769230775,-19.36726923076923,0.6538461538461539,0.04463076923076922,0.44962307692307696,0.2759165346153847,0.3069884615384616,0.26025384615384617,116.43169230769232,186899.0,3.8846153846153846
98,"Trilogy: Past, Present & Future",4Cv61B08yHx3fwkylkhCxe,Frank Sinatra,1Mxqyy3pSjf8kZZL4QVxS0,1981,26,0,0.3295,0.280573076923077,5.461538461538462,-14.639346153846153,0.8846153846153846,0.040130769230769234,0.66,0.005484971923076924,0.17890000000000006,0.3034653846153846,119.75534615384615,247574.34615384613,3.7692307692307687
99,Guilty,5mMebbufullX8FIhpCxwCt,Barbra Streisand,7jmTilWYlKOuavFfmQAcu6,1981,9,0,0.4708888888888889,0.2892222222222223,6.222222222222222,-16.46711111111111,0.6666666666666666,0.034833333333333334,0.2445222222222222,0.0007235555555555556,0.172,0.4103333333333333,126.43166666666669,278650.44444444444,3.7777777777777777
100,Double Fantasy,1NWA2fPLUAW5df7UGI5thp,John Lennon,4x1nvY2FN8jxqAFA0DA02H,1982,14,1,0.6242142857142856,0.642,6.357142857142858,-8.278571428571428,0.5714285714285714,0.06770714285714285,0.4277857142857143,0.04904626142857143,0.3074571428571428,0.5877857142857144,107.60007142857144,193689.42857142855,3.928571428571429
101,Mistaken Identity,3iMwQk5yE0UDDKbLCdcxZA,Kim Carnes,5PN2aHIvLEM98XIorsPMhE,1982,10,0,0.5892999999999999,0.5229999999999999,3.7,-11.6907,0.9,0.036230000000000005,0.25254299999999996,0.043014,0.15829000000000001,0.4898,122.1276,239762.7,3.9
102,Breakin' Away,5rMktOHgYGeV65qjHk6W2X,Al Jarreau,3YR92OLKlvkK5oKNekSqXe,1982,9,0,0.597,0.4178888888888889,5.333333333333333,-14.687999999999995,0.6666666666666666,0.04155555555555555,0.3215333333333333,0.00019409,0.2753555555555556,0.6048888888888889,111.4087777777778,273466.66666666674,3.888888888888889
103,The Dude,2GD9TjWG3Tu4JygAZniBY0,Quincy Jones,3rxIQc9kWT6Ueg4BhnOwRK,1982,9,0,0.7070000000000001,0.468,3.555555555555556,-15.489222222222221,0.5555555555555556,0.060411111111111124,0.3532666666666666,0.04622347777777778,0.07343333333333334,0.6484444444444444,112.083,275729.33333333326,3.888888888888889
104,Gaucho,5fIBtKHWGjbjK9C4i1Z11L,Steely Dan,6P7H3ai06vU1sGvdpBwDmE,1982,7,0,0.7875714285714285,0.3915714285714285,5.285714285714286,-10.955285714285717,0.5714285714285714,0.04634285714285714,0.3283714285714286,0.009950185714285714,0.06847142857142859,0.623,107.28085714285714,324338.85714285716,4.0
105,Toto IV,62U7xIHcID94o20Of5ea4D,TOTO,0PFtn5NtBbbUNbU9EAmIWF,1983,10,1,0.6203000000000001,0.4970000000000001,7.5,-15.0576,0.6,0.03291,0.128749,0.003226135,0.14257999999999998,0.6738299999999999,119.9041,251220.0,3.9
106,American Fool,4gouGcdQn9OvjX42xnWrF0,John Mellencamp,3lPQ2Fk5JOwGWAF3ORFCqH,1983,10,0,0.7137,0.7020000000000001,7.4,-5.8827,1.0,0.03526,0.036681000000000005,0.002796179,0.1319,0.7888,126.8221,229018.6,4.0
107,The Nightfly,5cOS6szqlcoqmiSoVTqqe8,Donald Fagen,0S1SjYebdSaiMpI8xSW2Wb,1983,8,0,0.7849999999999999,0.448625,7.875,-14.564,0.375,0.0494,0.480375,0.003818175,0.10498750000000004,0.7785,127.284,291528.25,3.875
108,The Nylon Curtain,50bajZpetfL5T0iRCOR74J,Billy Joel,6zFYqv1mOsgBRQbae3JJ9e,1983,9,0,0.5076666666666667,0.5496666666666666,5.222222222222221,-10.667333333333334,0.7777777777777778,0.04106666666666667,0.20544666666666667,0.0008428022222222222,0.15337777777777778,0.4535555555555556,118.27188888888891,276619.11111111107,4.0
109,Tug Of War,5g5wxDWLoyR1wyPjGTiD7n,Paul McCartney,4STHEaNw4mPZ2tzheohgXB,1983,12,0,0.5061666666666667,0.5240666666666666,3.1666666666666665,-10.71325,0.8333333333333334,0.03810833333333333,0.20560416666666667,0.0002571116666666667,0.15919999999999998,0.5542500000000001,111.534,206282.16666666663,4.0
110,Thriller,2ANVost0y2y52ema1E9xAZ,Michael Jackson,3fMbdgg4jU18AjLCKBhRSm,1984,9,1,0.7810000000000001,0.5733333333333334,8.444444444444445,-10.565777777777779,0.4444444444444444,0.0548888888888889,0.1608888888888889,0.052145292222222216,0.20152222222222224,0.7775555555555556,117.05288888888892,282444.55555555556,4.0
111,Let's Dance,5FDIw0ifQrQp63uhTelMVJ,David Bowie,0oSGxfWSnnOXhD2fKuz2Gy,1984,2,0,0.597,0.7395,9.0,-8.8605,1.0,0.04415,0.0045,0.050855,0.16,0.8035,121.5625,278666.5,4.0
112,An Innocent Man,3R3x4zIabsvpD3yxqLaUpc,Billy Joel,6zFYqv1mOsgBRQbae3JJ9e,1984,10,0,0.635,0.6786000000000001,4.5,-6.6872,0.9,0.06791,0.10485699999999999,0.0,0.2749800000000001,0.7044,119.22809999999996,241810.7,4.0
113,Synchronicity (Remastered 2003),5W9OT0a5iZlBr83a9WMKFY,The Police,5NGO30tJxFlKixkPSgXcFE,1984,11,0,0.5710909090909091,0.6211818181818182,5.545454545454546,-10.985909090909093,0.4545454545454545,0.05613636363636365,0.22319909090909096,0.028710236363636364,0.13266363636363634,0.6432727272727272,149.84609090909098,242760.0,3.5454545454545454
114,Flashdance (Original Soundtrack From The Motion Picture),3R6Z3Hp8EMdhgkA5t89NiL,Irene Cara,3oZa8Xs6IjlIUGLAhVyK4G,1984,10,0,0.6528,0.5723999999999999,5.7,-11.3759,0.5,0.04312,0.15674000000000002,0.028829508,0.16695000000000002,0.5914999999999999,119.8052,219750.7,4.0
115,Can't Slow Down,3alZBOvPaK3hgMEEymw4Yr,Lionel Richie,3gMaNLQm7D9MornNILzdSl,1985,8,1,0.691125,0.4455,6.75,-13.585,0.5,0.043425000000000005,0.1597575,0.006261315,0.07173750000000001,0.5903999999999999,109.001375,306717.875,4.0
116,She's So Unusual,1FvdZ1oizXwF9bxogujoF0,Cyndi Lauper,2BTZIqw0ntH9MvilQ3ewNY,1985,10,0,0.6627,0.7300000000000001,5.1,-7.736000000000001,0.9,0.0439,0.210628,0.005022373,0.25649,0.6706,123.47459999999998,230924.0,4.0
117,Purple Rain,7nXJ5k4XgRj5OLg9m8V3zc,Prince,5a2EaR3hamoenG9rDuVn8j,1985,9,0,0.5791111111111111,0.7123333333333333,5.888888888888888,-9.811,0.6666666666666666,0.06228888888888889,0.0885,0.026728026666666668,0.3952111111111111,0.5591111111111111,131.6798888888889,293241.44444444444,4.0
118,Born In The U.S.A.,0PMasrHdpaoIRuHuhHp72O,Bruce Springsteen,3eqjTLE0HfPfh78zjh6TqT,1985,12,0,0.5221666666666667,0.8382499999999999,5.75,-6.7940000000000005,0.75,0.04175000000000001,0.11769483333333333,0.0026135333333333326,0.17075833333333332,0.7618333333333331,129.81716666666668,232323.5,4.0
119,Private Dancer (30th Anniversary Issue),7gVHUNPQr0AE2A0Yf5MjqR,Tina Turner,1zuJe6b1roixEKMOtyrEak,1985,25,0,0.6623600000000001,0.74064,5.68,-6.186719999999998,0.68,0.05046799999999998,0.1798596,0.0396904348,0.22246799999999997,0.7192799999999999,130.04344000000003,267046.4,4.0
120,No Jacket Required (2016 Remaster),1rVhockt4RAiZFaK3M3zPB,Phil Collins,4lxfqrEsLX6N1N4OCSkILp,1986,11,1,0.6153636363636363,0.7596363636363637,4.909090909090909,-6.682454545454546,0.8181818181818182,0.050136363636363625,0.3745445454545455,0.05092541818181818,0.11792727272727276,0.5149999999999999,120.19227272727277,277374.5454545455,4.0
121,Brothers in Arms,7jvcSnCnugLcisBCNBm60s,Dire Straits,0WwSkZ7LtFUFjGjMZBMt6T,1986,9,0,0.5818888888888888,0.4816666666666667,5.333333333333333,-12.252444444444444,0.5555555555555556,0.041433333333333336,0.4822333333333333,0.18049657777777775,0.1402777777777778,0.472,118.33166666666668,368296.33333333326,4.0
122,Whitney Houston,2MH37enG6IPvNK5QFLyKes,Whitney Houston,6XpaIBNiVzIetEPCWDvAFP,1986,10,0,0.6458,0.37200000000000005,5.9,-15.529000000000002,0.6,0.03727,0.41097,0.000972858,0.21535,0.5144,115.4062,281902.6,3.9
123,We Are The World,2O6gXGWFJcNrLYAqDINrDa,U.S.A. For Africa,7sF6m3PpW6G6m6J2gzzmzM,1986,1,0,0.528,0.447,4.0,-15.255,1.0,0.0435,0.18899999999999997,0.0,0.0745,0.292,72.58,427333.0,4.0
124,The Dream Of The Blue Turtles,17mrdCgqrWfqpJlaCNGCdF,Sting,0Ty63ceoRnnJKVEYP0VQpk,1986,10,0,0.5468000000000001,0.4452299999999999,7.0,-16.1901,0.3,0.034379999999999994,0.39391,0.07396831799999999,0.16236,0.5929000000000001,111.4487,249949.5,3.9
125,Graceland,4WoQ94qzwQj28n3nlSOVLB,Paul Simon,2CvCyf1gEVhI0mX6aFXmVI,1987,11,1,0.6593636363636363,0.6787272727272727,4.181818181818182,-9.02209090909091,0.9090909090909092,0.07407272727272728,0.4729090909090909,0.0008109727272727273,0.1704818181818182,0.6932727272727273,121.81454545454544,235722.36363636365,3.9090909090909087
126,So (2012 Remastered),2ikq6LspaBbUG2qyiV5qdx,Peter Gabriel,7C4sUpWGlTy7IANjruj02I,1987,9,0,0.6263333333333334,0.5488888888888889,2.6666666666666665,-11.343000000000002,0.8888888888888888,0.04472222222222223,0.23760000000000006,0.060195377777777774,0.0948222222222222,0.4794666666666666,114.39111111111113,309620.44444444444,3.888888888888889
127,Control,7GWkceE5McMVfffd1RGL6Y,Janet Jackson,4qwGe91Bz9K2T8jXTZ815W,1987,9,0,0.757,0.5625555555555555,4.888888888888889,-13.166888888888884,0.7777777777777778,0.05029999999999999,0.32870000000000005,0.0454153,0.1277222222222222,0.6727777777777778,117.2482222222222,277881.33333333326,4.0
128,The Broadway Album,7KBxxaIFKYYcbS4CIwvTno,Barbra Streisand,7jmTilWYlKOuavFfmQAcu6,1987,12,0,0.29008333333333336,0.3600833333333333,4.833333333333333,-10.877249999999998,0.8333333333333334,0.08191666666666668,0.8494166666666666,0.012224198333333334,0.13619166666666668,0.216475,99.9065,239530.08333333328,4.0
129,Back In The High Life,1VV4tdUYIjRlhKxu1gMw4d,Steve Winwood,5gxynDEKwNDgxGJmJjZyte,1987,8,0,0.6970000000000001,0.5705,3.875,-14.1795,0.875,0.034887499999999995,0.1602625,0.04887625,0.1805625,0.7783749999999999,111.595,341625.0,4.0
130,The Joshua Tree,5vBZRYu2GLA65nfxBvG1a7,U2,51Blml2LZPmy7TTiAg47vQ,1988,11,1,0.4483636363636365,0.5327272727272727,3.0,-12.010272727272728,1.0,0.03517272727272728,0.1454331818181818,0.2277773818181818,0.2178636363636364,0.33669999999999994,120.76781818181816,273569.7272727273,3.9090909090909087
131,Bad (Remastered),3Us57CjssWnHjTUIXBuIeH,Michael Jackson,3fMbdgg4jU18AjLCKBhRSm,1988,11,0,0.7957272727272727,0.8064545454545455,6.545454545454546,-4.908363636363637,0.7272727272727273,0.07492727272727273,0.2937997272727273,0.12502921090909092,0.2244,0.4776363636363637,111.93581818181816,262770.9090909091,4.0
132,Control,7GWkceE5McMVfffd1RGL6Y,Janet Jackson,4qwGe91Bz9K2T8jXTZ815W,1988,9,0,0.757,0.5625555555555555,4.888888888888889,-13.166888888888884,0.7777777777777778,0.05029999999999999,0.32870000000000005,0.0454153,0.1277222222222222,0.6727777777777778,117.2482222222222,277881.33333333326,4.0
133,Trio (2016 Remaster),4sQEu1QnbFvtYItC4mQSO4,Dolly Parton,32vWCbZh0xZ4o9gkz4PsEU,1988,11,0,0.460909090909091,0.2203090909090909,6.2727272727272725,-15.292818181818182,1.0,0.0316,0.7689090909090909,5.586454545454546e-05,0.16417272727272725,0.4203818181818182,130.64945454545455,212901.63636363635,3.727272727272727
134,Sign O' The Times,2QuHyvguNhl5kfdoE17RRe,Prince,5a2EaR3hamoenG9rDuVn8j,1988,16,0,0.7328749999999999,0.5775625000000001,4.8125,-11.7910625,0.6875,0.06807500000000001,0.200239375,0.01012275,0.20963750000000006,0.6746875,121.6049375,300152.8125,3.9375
135,Faith,34K1Kvskt9arWy8E1Gz3Lw,George Michael,19ra5tSw0tWufvUp8GotLo,1989,10,1,0.6929000000000001,0.5582999999999999,6.2,-11.328599999999998,0.4,0.04972,0.11995630000000003,0.143890853,0.10745,0.50213,104.8763,309409.4,3.9
136,Tracy Chapman,6hmmX5UP4rIvOpGSaPerV8,Tracy Chapman,7oPgCQqMMXEXrNau5vxYZP,1989,11,0,0.7005454545454547,0.35955454545454546,6.545454545454546,-14.428363636363638,0.6363636363636364,0.07535454545454548,0.3362363636363637,9.084e-05,0.13209090909090912,0.5451818181818182,112.21445454545454,197202.54545454547,4.090909090909091
137,Simple Pleasures,4zhRkgoZKC2xCPPys1gK4b,Bobby McFerrin,2FjkZT851ez950cyPjeYid,1989,10,0,0.7284,0.2318,5.7,-18.7215,0.7,0.11817000000000001,0.7156,0.049766640000000015,0.15737,0.6995,114.39,202892.4,4.0
138,...Nothing Like The Sun,3mVCQqgwEvwD7lHy9KHi7R,Sting,0Ty63ceoRnnJKVEYP0VQpk,1989,12,0,0.5651666666666667,0.413575,6.083333333333332,-17.605166666666666,0.5833333333333334,0.04135833333333333,0.3934416666666667,0.0075933825,0.11546666666666668,0.5475,122.18425,275805.58333333326,3.8333333333333335
139,Roll With It,6EGZHq3euiuESgxmzhIfSN,Steve Winwood,5gxynDEKwNDgxGJmJjZyte,1989,8,0,0.659625,0.5438749999999999,3.0,-14.829125,0.875,0.030375,0.1351625,0.025249999999999998,0.08831249999999999,0.648125,117.254,335858.25,4.0
140,Nick Of Time,6wxpS5o0ty5CLqyH5fIRln,Bonnie Raitt,4KDyYWR7IpxZ7xrdYbKrqY,1990,11,1,0.645,0.3156090909090909,4.090909090909091,-15.802090909090907,0.7272727272727273,0.0405,0.3954727272727272,0.00047353909090909095,0.10909090909090907,0.5626363636363636,120.13563636363638,234235.7272727273,3.8181818181818175
141,The End Of The Innocence,12lDqJuZIqMk6DNe1fInFl,Don Henley,5dbuFbrHa1SJlQhQX9OUJ2,1990,10,0,0.6631,0.6337999999999999,5.2,-10.7833,0.7,0.032230000000000016,0.195174,1.1856e-05,0.16953,0.5356000000000001,113.2741,318714.7,4.0
142,The Raw & The Cooked,6CoeDRu0SmpFtLZMcRTO2F,Fine Young Cannibals,20p5D2KrE8CGuOjHtxsyTp,1990,10,0,0.7244,0.6225000000000002,6.1,-10.7506,0.7,0.044000000000000004,0.184549,0.029996223,0.11888,0.8160000000000001,134.156,212433.5,3.9
143,Full Moon Fever,5d71Imt5CIb7LpQwDMQ093,Tom Petty,2UZMlIwnkgAEDBsw1Rejkn,1990,12,0,0.6295833333333333,0.6530833333333333,5.75,-12.69325,0.9166666666666666,0.032675,0.14442166666666664,0.014345375833333332,0.14834166666666668,0.7219166666666667,115.00183333333332,200022.3333333333,4.0
144,"The Traveling Wilburys, Vol. 1",7K3OJcdtRxv7miXfQBzvbi,Traveling Wilburys,2hO4YtXUFJiUYS2uYFvHNK,1990,10,0,0.6576000000000001,0.8073999999999998,3.9,-5.9449999999999985,0.9,0.04815,0.174758,0.004382253,0.15336,0.688,135.2236,218437.4,4.0
145,Back On The Block,5DR4gcd3fj3E6XhbPTaF82,Quincy Jones,3rxIQc9kWT6Ueg4BhnOwRK,1991,14,1,0.5820000000000001,0.6124999999999999,7.0,-9.50914285714286,0.5,0.16854999999999998,0.6006428571428571,0.14091690071428573,0.2718142857142857,0.5175285714285714,120.87914285714285,248016.2857142857,3.571428571428572
146,...But Seriously (2016 Remaster),1t89giOgPycfALwe2NuVf8,Phil Collins,4lxfqrEsLX6N1N4OCSkILp,1991,12,0,0.5871666666666667,0.6555,5.25,-7.194916666666668,0.8333333333333334,0.03770833333333333,0.2734208333333334,0.07309741666666666,0.24064166666666675,0.4293750000000001,123.71058333333332,299287.83333333326,3.9166666666666665
147,Please Hammer Don't Hurt 'Em,4r1WecJyt5FOhglysp9zhN,MC Hammer,2rblp9fJo16ZPTcKDtlmKW,1991,13,0,0.8436923076923077,0.5797692307692308,5.6923076923076925,-13.034153846153847,0.38461538461538464,0.10822307692307692,0.021465230769230768,0.02665853076923077,0.19268461538461545,0.7303076923076923,130.9433846153846,275024.92307692306,4.0
148,Mariah Carey,5SwNGsGw1I8H361DKiYnnn,Mariah Carey,4iHNK0tOyZPYnBU7nGAgpQ,1991,11,0,0.5705454545454546,0.6083636363636363,6.090909090909091,-10.785818181818183,0.3636363636363637,0.03668181818181818,0.3310272727272727,0.00021017727272727268,0.1503090909090909,0.5596363636363637,126.63409090909092,253855.7272727273,3.8181818181818175
149,Wilson Phillips,1Xi55xFMaymXdSWshmxhw2,Wilson Phillips,1yMYjh77WgOVafRkI50mim,1991,10,0,0.6353000000000001,0.6085,4.3,-10.1118,0.8,0.02862,0.28819,0.0006354700000000001,0.18361,0.5677,106.8453,276302.7,4.0
150,Unforgettable: With Love,4ilUfGGQXin7hr1srDDXF0,Natalie Cole,5tTsrGPwQRWUsHR2Xf7Ke9,1991,22,1,0.3931363636363636,0.2546227272727273,3.227272727272727,-14.664727272727275,0.6363636363636364,0.04122272727272727,0.6841363636363635,0.0005318404545454544,0.2532590909090909,0.3600863636363636,108.24899999999997,199827.31818181818,3.727272727272727
151,Heart In Motion,6YbWlg2x8aIHASDTunWF8H,Amy Grant,72Nhcx7prNk2ZCxhx0Y5es,1991,11,0,0.6379090909090909,0.7738181818181817,5.363636363636363,-5.0213636363636365,0.8181818181818182,0.032563636363636364,0.2315090909090909,0.00018288272727272727,0.1335909090909091,0.6497272727272727,120.59945454545456,241611.18181818182,4.0
152,Luck Of The Draw,6blrkOZ0VmkhYPjfoD7eqf,Bonnie Raitt,4KDyYWR7IpxZ7xrdYbKrqY,1991,12,0,0.61425,0.4201083333333333,4.833333333333333,-14.270500000000006,0.8333333333333334,0.03994166666666667,0.34106666666666663,0.000614685,0.14605833333333335,0.561875,107.15,268794.75,3.9166666666666665
153,Out Of Time,2vPM8y0gBZTnEO48rGnCzs,R.E.M.,4KWTAlx2RvbpseOGMEmROg,1991,11,0,0.5046363636363637,0.7148181818181817,6.545454545454546,-5.420636363636364,0.8181818181818182,0.03361818181818182,0.1511109090909091,0.27508661636363635,0.21706363636363635,0.5815454545454547,114.87427272727273,240611.0,4.0
154,The Rhythm Of The Saints,08tZq3FDsspdU6ycn8Jl2o,Paul Simon,2CvCyf1gEVhI0mX6aFXmVI,1991,14,0,0.6405714285714286,0.5379999999999999,4.642857142857143,-14.277000000000001,0.7142857142857143,0.04527857142857143,0.7567857142857142,0.10230985714285712,0.0982,0.7810714285714286,112.16471428571428,264979.21428571426,3.928571428571429
155,Unplugged (Deluxe Edition),3ebyEGol0Abc7VAxYf7vEg,Eric Clapton,6PAt558ZEZl0DmdXlnjMgD,1993,20,1,0.5929499999999999,0.5117,3.1,-12.4502,0.65,0.06415499999999999,0.4503349999999999,0.10339118550000001,0.8118000000000001,0.6115999999999999,104.9719,289209.95,3.95
156,Achtung Baby,5n52kyQKeUZs5ObZJejLQd,U2,51Blml2LZPmy7TTiAg47vQ,1993,12,0,0.4879166666666667,0.6411666666666667,6.083333333333332,-10.422,0.6666666666666666,0.03723333333333333,0.054294858333333335,0.14179083333333334,0.15113333333333334,0.4043333333333334,118.172,277247.83333333326,3.9166666666666665
157,Beauty and the Beast,3O5p9VNddbwvqWTdYKEqV5,Alan Menken,5sy77gt4bfsLcSQ8GIe4ZZ,1993,16,0,0.4158875,0.364125,4.375,-13.4585625,0.75,0.093125,0.7945000000000002,0.170982936875,0.17905625000000006,0.3472375,115.6146875,202988.4375,3.8125
158,Diva,33ImEB9taJ3Tie4APfTL7B,Annie Lennox,5MspMQqdVbdwP6ax3GXqum,1993,11,0,0.5369090909090909,0.4885454545454545,4.2727272727272725,-11.02218181818182,1.0,0.040554545454545454,0.3284090909090909,0.015573190909090909,0.16519090909090908,0.4365090909090909,103.64790909090908,274530.8181818182,3.727272727272727
159,Ingénue (25th Anniversary Edition),1XHEQqyatYvfK5cEJfkPeK,k.d. lang,6W1BHDF0T4a4KYcSwzD586,1993,18,0,0.5062222222222222,0.4561500000000001,4.388888888888889,-11.812944444444444,0.7222222222222222,0.04173333333333333,0.36563333333333337,0.002723592222222222,0.3831611111111111,0.23017222222222225,104.95300000000002,260103.66666666663,3.9444444444444446
160,The Bodyguard - Original Soundtrack Album,7JVJlkNNobS0GSoy4tCS96,Whitney Houston,6XpaIBNiVzIetEPCWDvAFP,1994,12,1,0.5340000000000001,0.5518916666666667,5.0,-11.371083333333333,0.75,0.04173333333333334,0.3285513333333333,0.10126977583333334,0.1577916666666667,0.4521916666666667,114.81566666666667,263211.0,3.9166666666666665
161,Automatic For The People,0BiNb8HYR4JvuxUa31Z58Q,R.E.M.,4KWTAlx2RvbpseOGMEmROg,1994,12,0,0.4791666666666667,0.4859166666666666,4.75,-10.66675,0.8333333333333334,0.031033333333333333,0.33046666666666663,0.14499905500000002,0.14764166666666664,0.409,132.32033333333334,244342.16666666663,3.6666666666666665
162,Kamakiriad,3guIJLgNSvFppMVfs4ap8Z,Donald Fagen,0S1SjYebdSaiMpI8xSW2Wb,1994,8,0,0.7983750000000001,0.414125,5.125,-14.189625,0.875,0.047650000000000005,0.1198875,0.0194571875,0.102625,0.675125,117.601,378530.0,4.0
163,River Of Dreams,4HPnwQJAEvTY910q4RNeOu,Billy Joel,6zFYqv1mOsgBRQbae3JJ9e,1994,10,0,0.5626,0.6961999999999999,4.1,-7.1693,0.8,0.03817,0.199545,0.000125998,0.15822,0.5540999999999999,118.2316,295676.0,3.9
164,Ten Summoner's Tales,5kV0KBXfELibs6qQJLmOtg,Sting,0Ty63ceoRnnJKVEYP0VQpk,1994,12,0,0.6209166666666667,0.6063333333333333,5.666666666666668,-9.926416666666666,0.4166666666666667,0.03858333333333334,0.2617933333333333,0.029430783333333325,0.082325,0.5268333333333333,111.04883333333332,262633.41666666674,3.583333333333333
165,MTV Unplugged,2y2RzWSrqQsOZwGlhkPp6D,Tony Bennett,2lolQgalUvZDfp5vvVtTYV,1994,22,1,0.4287727272727272,0.3881363636363636,3.5454545454545454,-16.995727272727272,0.7272727272727273,0.2280772727272728,0.4879909090909091,0.002248458181818182,0.9114545454545454,0.4811863636363636,104.13231818181816,189361.13636363635,3.772727272727273
166,From the Cradle,0im1aMw5Wf5PUOdRKVLU1w,Eric Clapton,6PAt558ZEZl0DmdXlnjMgD,1994,16,0,0.5557500000000001,0.5831875,5.75,-7.858624999999999,0.8125,0.03785,0.3674000000000001,0.07559190562499997,0.1692125,0.6959374999999999,106.6901875,226147.5,3.5
167,Longing In Their Hearts,5mkkuHwxHfE9yqafBFSLLI,Bonnie Raitt,4KDyYWR7IpxZ7xrdYbKrqY,1994,12,0,0.5644166666666667,0.3815500000000001,5.583333333333332,-13.560666666666668,0.9166666666666666,0.03141666666666667,0.4166916666666666,0.005344185,0.10933333333333337,0.5305833333333334,104.27733333333332,274961.25,3.9166666666666665
168,Seal,1mSECpFqHRW6leG4idqTE1,Seal,5GtMEZEeFFsuHY8ad4kOxv,1994,11,0,0.508,0.5866363636363636,5.727272727272728,-9.352,0.7272727272727273,0.03844545454545455,0.3753181818181819,0.05139430818181818,0.17632727272727275,0.3160909090909091,120.45618181818183,275572.1818181818,3.4545454545454546
169,"The Three Tenors in Concert, 1994 (Live)",4M1xaHN4ztbVWmyxPVNibu,Jules Massenet,1AoIc5YFH0aSFc4mKqBEeB,1994,27,0,0.26433333333333336,0.32140740740740736,4.666666666666667,-17.902074074074076,0.6296296296296297,0.10995925925925926,0.945037037037037,0.16314824074074075,0.8455925925925927,0.2925185185185185,94.22011111111112,163520.70370370368,3.4814814814814814
170,Jagged Little Pill,09AwlP99cHfKVNKv4FC8VW,Alanis Morissette,6ogn9necmbUdCppmNnGOdi,1996,13,1,0.4884615384615385,0.6481538461538462,5.461538461538462,-8.727,0.7692307692307693,0.07838461538461537,0.16914615384615386,0.00013366923076923076,0.2097,0.3769153846153847,111.66523076923076,265010.3076923077,4.0
171,Daydream,1ibYM4abQtSVQFQWvDSo4J,Mariah Carey,4iHNK0tOyZPYnBU7nGAgpQ,1996,12,0,0.5113333333333333,0.4753333333333334,5.916666666666668,-9.791666666666666,0.6666666666666666,0.03944166666666666,0.4524999999999999,0.0001262675,0.11911666666666665,0.3405333333333333,123.07416666666668,232431.08333333328,3.6666666666666665
172,"HIStory - PAST, PRESENT AND FUTURE - BOOK I",3OBhnTLrvkoEEETjFA3Qfk,Michael Jackson,3fMbdgg4jU18AjLCKBhRSm,1996,30,0,0.6836666666666666,0.6724333333333331,5.933333333333334,-7.078533333333335,0.6333333333333333,0.06885000000000002,0.291664,0.024287012666666653,0.19701,0.5526733333333332,107.49736666666668,297370.7,3.9
173,Relish,1qgjfFOO3IMDimAuAWZLLt,Joan Osborne,0djV4iaxhNfYWpH60ia85o,1996,12,0,0.5240833333333332,0.5972500000000002,7.0,-9.211666666666668,0.6666666666666666,0.0433,0.22711666666666666,0.0228866475,0.13729166666666667,0.4424166666666667,107.37841666666668,305932.33333333326,3.583333333333333
174,Vitalogy,5pd9B3KQWKshHw4lnsSLNy,Pearl Jam,1w5Kfo2jwwIPruYS2UWh56,1996,17,0,0.464,0.6809999999999999,4.294117647058823,-8.91470588235294,0.7647058823529411,0.046523529411764714,0.18169058823529413,0.04920013352941177,0.11565882352941174,0.30923529411764705,125.1766470588235,240189.8823529412,4.0588235294117645
175,Falling into You,2vk0n8aeQSO74VtQBbNDPR,Céline Dion,4S9EykWXhStSc15wEx8QFK,1997,16,1,0.4836875,0.514375,3.5625,-9.212125,0.5,0.03729375,0.35139375,0.001469268125,0.19838125000000004,0.31451875,139.65337499999998,284930.875,3.5625
176,Mellon Collie And The Infinite Sadness (Deluxe Edition),55RhFRyQFihIyGf61MgcfV,The Smashing Pumpkins,40Yq4vzPs9VNUrIBG5Jr2i,1997,92,0,0.4348,0.5198240000000002,5.54,-11.000539999999999,0.68,0.03848599999999999,0.21800111440000006,0.5855484000000001,0.16204200000000002,0.3495220000000001,118.28724000000004,246056.84,4.0
177,Odelay,1Pus5h1qGedCn4CtOuPVtp,Beck,3vbKDsSS70ZX9D2OcvbZmS,1997,14,0,0.7026428571428571,0.6645000000000001,5.214285714285714,-8.303142857142857,1.0,0.14704285714285714,0.18554142857142855,0.14623714285714287,0.17719285714285715,0.6031142857142856,107.0425,224540.07142857145,3.928571428571429
178,The Score,4z6F5s3RVaOsekuaegbLfD,Fugees,2WKdxPFRD7IqZvlIAvhMgY,1997,15,0,0.6758,0.441,4.333333333333333,-13.912333333333333,0.6,0.39553333333333335,0.22180266666666665,7.458666666666666e-06,0.3427000000000001,0.5916666666666667,97.3006,276722.6,3.8
179,Waiting To Exhale,2EHFZkzTbRFDt1tomCBToM,Whitney Houston,6XpaIBNiVzIetEPCWDvAFP,1997,16,0,0.6230625,0.4228125,5.25,-9.675,0.625,0.03176875,0.260083125,0.018735361875000002,0.11865625,0.32645625,116.71125,273792.4375,3.9375
180,Time Out Of Mind,185DHT5SvszXRrezx3lOjt,Bob Dylan,74ASZWbe4lXaubB36ztrGX,1998,11,1,0.4823636363636364,0.4715454545454546,4.909090909090909,-13.122000000000002,0.8181818181818182,0.04184545454545455,0.4872727272727273,0.012314604545454544,0.1401363636363636,0.4354545454545455,115.4031818181818,396057.09090909094,3.8181818181818175
181,The Day,66Vhr3F0vp90jhQUlcf4Sk,Babyface,3aVoqlJOYx31lH1gibGDt3,1998,13,0,0.6976153846153845,0.3967692307692309,4.0,-9.326461538461537,0.6153846153846154,0.05164615384615385,0.2447230769230769,1.7881538461538463e-05,0.10248461538461537,0.4956153846153846,122.24276923076923,282694.23076923075,3.9230769230769234
182,Flaming Pie,4PdxBagz2MlU1nLA9RxgJ5,Paul McCartney,4STHEaNw4mPZ2tzheohgXB,1998,14,0,0.6026428571428571,0.3673571428571429,6.2857142857142865,-14.189357142857144,0.5714285714285714,0.040092857142857145,0.4364914285714286,0.005302664285714286,0.1908,0.5856428571428571,115.59899999999998,230428.6428571429,3.8571428571428568
183,OK Computer,6dVIqQ8qmQ5GBnJ9shOYGE,Radiohead,4Z8W4fKeB5YxbusRsdQVPb,1998,12,0,0.2880833333333333,0.5659166666666667,6.333333333333332,-9.102416666666663,0.6666666666666666,0.056308333333333335,0.13576258333333335,0.16105276666666665,0.15937500000000002,0.2917333333333333,115.45075,268435.5,4.0
184,This Fire,5cUiPJUUMfNQr0ELSDGscs,Paula Cole,08DLZqQd6XDAVteF9nSEJ1,1998,11,0,0.5329999999999999,0.465090909090909,9.0,-10.230454545454542,0.6363636363636364,0.04242727272727273,0.3865090909090909,0.0006250481818181817,0.22020000000000006,0.4372,112.90509090909092,277821.8181818182,4.0
185,The Miseducation of Lauryn Hill,1BZoqf8Zje5nGdwZhOjAtD,Ms. Lauryn Hill,2Mu5NfyYm8n5iTomuKAEHl,1999,16,1,0.6111249999999999,0.5945,5.125,-9.648062500000002,0.4375,0.2439125,0.21770625,0.00067446375,0.17748750000000002,0.6562500000000002,101.52881250000002,290247.5625,4.0
186,Come On Over,4UMe0Ods7kygK6OISasZe9,Shania Twain,5e4Dhzv426EvQe3aDb64jL,1999,16,0,0.6423125,0.6365625,5.625,-7.5433125,1.0,0.037950000000000005,0.295875,3.788125e-05,0.22633125,0.7154375,124.946,225450.125,4.0
187,The Globe Sessions,08enrSAkHTYkQwhRlKXQgB,Sheryl Crow,4TKTii6gnOnUXQHyuo9JaD,1999,13,0,0.5581538461538462,0.6689230769230771,5.9230769230769225,-7.084307692307693,0.6923076923076923,0.03473846153846154,0.06060923076923076,0.00287139,0.2038,0.5208461538461538,121.33123076923077,288956.84615384607,3.9230769230769234
188,Ray of Light,6cuNyrSmRjBeekioLdLkvI,Madonna,6tbjWDEIzxoDsBA1FuhfPW,1999,13,0,0.5582307692307693,0.5896923076923076,5.0769230769230775,-11.22523076923077,0.6153846153846154,0.04112307692307692,0.3635369230769231,0.2883872307692308,0.10846923076923078,0.3361538461538461,117.80815384615386,308055.3076923077,3.9230769230769234
189,Version 2.0 (20th Anniversary Edition / Remastered),6HwtpXhzOiE4fqnW785Mk7,Garbage,6S0GHTqz5sxK5f9HtLXn9q,1999,12,0,0.5284166666666666,0.8252499999999999,4.416666666666667,-6.887833333333332,0.5,0.03679166666666666,0.01668022833333334,0.06798643333333335,0.3432416666666667,0.5240083333333333,122.75874999999998,248157.91666666663,4.0
190,Supernatural (Remastered),10aiDpdFGyfCFEcqpx6XTq,Santana,6GI52t8N5F02MxU0g5U69P,2000,14,1,0.5827857142857144,0.7920714285714286,7.071428571428571,-6.360285714285714,0.42857142857142855,0.05924285714285715,0.2065857142857143,0.19121176642857146,0.17942857142857144,0.7340000000000001,112.041,319684.71428571426,4.0
191,Fanmail,1CvjjpvqVMoyprsf74bpYW,TLC,0TImkz4nPqjegtVSMZnMRq,2000,17,0,0.6917647058823528,0.6200588235294117,5.764705882352941,-7.341235294117648,0.5294117647058824,0.1598647058823529,0.07315258823529411,0.02165045705882353,0.21345882352941173,0.6078235294117647,114.40876470588238,223631.29411764702,3.8235294117647056
192,Fly,3y6G5El2I6QrJA9BdfAbqA,The Chicks,25IG9fa7cbdmCIy3OnuH57,2000,13,0,0.5938461538461539,0.5911923076923077,4.153846153846153,-8.442769230769231,1.0,0.03501538461538462,0.20760076923076926,0.001895456153846154,0.1540461538461539,0.5682307692307693,129.98646153846158,220581.46153846156,4.0
193,Millennium,5ySxm9hxBNss01WCL7GLyQ,Backstreet Boys,5rSXSAkZ67PYJSvpUpkOr7,2000,12,0,0.643,0.6184166666666667,4.833333333333333,-6.766333333333335,0.5,0.03009166666666667,0.21787500000000004,1.45e-06,0.184825,0.5111666666666668,120.62941666666666,230227.75,4.0
194,When I Look In Your Eyes,6NqwpeiAjwYAppRNA7F3yD,Diana Krall,5z1VAFwT35EVvCp1XlZZuL,2000,13,0,0.5319999999999999,0.16694615384615386,5.769230769230768,-16.167307692307695,0.5384615384615384,0.04062307692307692,0.8778461538461537,0.017048020769230766,0.12309230769230768,0.326,109.45092307692309,250796.0,3.8461538461538463
195,Two Against Nature,2MJc2N3eFVT0ZabBN4zc32,Steely Dan,6P7H3ai06vU1sGvdpBwDmE,2001,9,1,0.8077777777777777,0.491,8.11111111111111,-9.403777777777776,0.3333333333333333,0.044866666666666666,0.3588888888888888,0.020232728888888885,0.11773333333333336,0.6843333333333333,121.68688888888887,343377.7777777777,3.888888888888889
196,The Marshall Mathers LP,6t7956yu5zYf5A829XRiHC,Eminem,7dGJo4pcD2V6oG8kP0tJRR,2001,18,0,0.7386666666666666,0.6762222222222223,6.111111111111112,-6.582055555555558,0.3888888888888889,0.31761666666666666,0.14341277777777778,1.0963333333333334e-05,0.319211111111111,0.5775444444444445,101.64716666666668,240944.5,3.6666666666666665
197,Midnite Vultures,5Mk8LGoWoPg0igqQXprzfR,Beck,3vbKDsSS70ZX9D2OcvbZmS,2001,14,0,0.6231428571428571,0.7633571428571428,4.785714285714286,-7.551642857142857,0.7142857142857143,0.07793571428571429,0.08912785714285712,0.15235526428571428,0.29327857142857144,0.5982857142857142,105.55514285714287,220532.42857142855,3.7857142857142856
198,Kid A,6GjwtEZcfenmOf6l18N7T7,Radiohead,4Z8W4fKeB5YxbusRsdQVPb,2001,11,0,0.3869090909090909,0.4757272727272727,4.545454545454546,-12.850272727272726,0.7272727272727273,0.0603,0.5003790909090909,0.6282020272727272,0.1749,0.27056363636363634,113.363,257418.54545454547,3.9090909090909087
199,You're The One,3x2DQz1db5pS1IEkpD0zWv,Paul Simon,2CvCyf1gEVhI0mX6aFXmVI,2001,14,0,0.5937857142857143,0.4962285714285714,3.7142857142857135,-11.337428571428573,0.7142857142857143,0.06408571428571429,0.5445714285714286,0.036070365714285714,0.2590500000000001,0.4854285714285714,123.13071428571432,242297.07142857145,3.7857142857142856
200,"O Brother, Where Art Thou? (Original Motion Picture Soundtrack)",7gzX88qS3Vx2r87g5pbdfJ,James Carter and The Prisoners,2c5fFzbrlwkRoeTKV4qHoa,2002,19,1,0.5600526315789474,0.2161894736842105,5.052631578947368,-15.452157894736846,0.8947368421052632,0.0690421052631579,0.8580526315789474,0.07634810052631577,0.15206315789473684,0.5519999999999999,112.17463157894736,191217.5263157895,3.631578947368421
201,All That You Can't Leave Behind,7gskILm9UyDvFlmmAoqn2g,U2,51Blml2LZPmy7TTiAg47vQ,2002,11,0,0.5415454545454546,0.6596363636363636,5.2727272727272725,-8.072454545454546,1.0,0.03113636363636364,0.17358636363636365,0.02485842727272727,0.2411181818181818,0.4379090909090909,123.96690909090911,267655.7272727273,4.0
202,Love And Theft,4BcfuxQ4EO07Y53yr6YhAJ,Bob Dylan,74ASZWbe4lXaubB36ztrGX,2002,12,0,0.5750833333333335,0.6509166666666667,4.916666666666667,-8.882249999999997,0.9166666666666666,0.05281666666666667,0.3251366666666667,0.0006357658333333334,0.13210833333333333,0.54225,103.52166666666666,287524.41666666674,4.0
203,Stankonia,2tm3Ht61kqqRZtIYsBjxEj,Outkast,1G9G7WwrXka3Z1r7aIDjI7,2002,24,0,0.6695000000000001,0.6410000000000001,5.041666666666667,-9.587208333333336,0.6666666666666666,0.207925,0.21440041666666665,0.031229616250000005,0.2662708333333334,0.58025,109.71220833333332,183246.79166666663,3.6666666666666665
204,Come Away With Me,1JvoMzqg04nC29gam4Qaiq,Norah Jones,2Kx7MNY7cI1ENniW7vT30N,2003,14,1,0.5686428571428571,0.17262142857142854,3.3571428571428568,-13.59964285714286,0.9285714285714286,0.03304285714285714,0.8799999999999999,0.0012232800000000002,0.12375,0.35842857142857143,101.33221428571429,193500.2142857143,3.7142857142857135
205,The Eminem Show,2cWBwpqMsDJC1ZUwz813lo,Eminem,7dGJo4pcD2V6oG8kP0tJRR,2003,20,0,0.7203499999999999,0.6049850000000001,5.65,-7.62325,0.65,0.28606000000000004,0.1263365,0.047944378499999996,0.17504,0.5047150000000001,107.90125000000003,232526.05,3.95
206,Home,1zgQkZFMRqx1Lz9GVXghLt,The Chicks,25IG9fa7cbdmCIy3OnuH57,2003,12,0,0.5274166666666665,0.4745833333333334,4.583333333333333,-7.4769999999999985,0.9166666666666666,0.03125833333333333,0.419875,0.06675853666666667,0.20545,0.4620833333333334,141.97325,258509.25,3.8333333333333335
207,Nellyville,4HUUHHXBXImwksfbSPqE7q,Nelly,2gBjLmx6zQnFGQJCAQpRgw,2003,19,0,0.780157894736842,0.5789473684210528,5.421052631578949,-9.755842105263161,0.5789473684210527,0.3035,0.22910684210526314,9.273842105263158e-05,0.23598421052631574,0.6735263157894736,118.12694736842107,239231.5263157895,4.0
208,The Rising,23vzCh5cDn0LzdGmGWrT1d,Bruce Springsteen,3eqjTLE0HfPfh78zjh6TqT,2003,15,0,0.5474666666666667,0.6797999999999998,4.733333333333333,-8.388,0.8,0.031519999999999986,0.1233406,0.011291004666666668,0.19129333333333332,0.61892,119.00526666666664,288812.4,4.0
209,Speakerboxxx/The Love Below,1UsmQ3bpJTyK6ygoOOjG1r,Outkast,1G9G7WwrXka3Z1r7aIDjI7,2004,40,1,0.6743750000000002,0.6640499999999999,4.875,-7.934925,0.6,0.2339600000000001,0.2928397249999999,0.0473210625,0.199505,0.55955,115.91322499999998,202558.3,3.875
210,Elephant,6D9urpsOWWKtYvF6PaorGE,The White Stripes,4F84IBURUo98rz4r61KF70,2004,14,0,0.4617857142857144,0.5900714285714285,5.214285714285714,-8.954071428571428,0.7857142857142857,0.15108571428571427,0.20941285714285715,0.11002157142857144,0.14350714285714286,0.4020714285714286,121.50528571428572,218068.2857142857,3.6428571428571432
211,Fallen,02w1xMzzdF2OJxTeh1basm,Evanescence,5nGIFgo0shDenQYSE0Sn7c,2004,12,0,0.35316666666666663,0.6950833333333333,6.25,-6.223916666666668,0.16666666666666666,0.048558333333333335,0.21593333333333334,0.00158178,0.19782500000000006,0.2579416666666666,131.63308333333333,243854.33333333328,4.0
212,Justified,6QPkyl04rXwTGlGlcYaRoW,Justin Timberlake,31TPClRtHm23RisEBtV3X7,2004,13,0,0.7369230769230769,0.6352307692307693,4.076923076923077,-7.178538461538461,0.38461538461538464,0.0763846153846154,0.2980923076923077,0.01875588230769231,0.09300769230769232,0.7179230769230768,99.31684615384614,292394.92307692306,4.0
213,Under Construction,6DeU398qrJ1bLuryetSmup,Missy Elliott,2wIVse2owClT7go1WT98tk,2004,14,0,0.7442857142857144,0.6401428571428572,4.714285714285714,-6.915642857142857,0.7857142857142857,0.3607857142857142,0.2717214285714286,3.6142857142857146e-05,0.2039,0.6628571428571427,106.26071428571429,240607.5,4.071428571428571
214,Genius Loves Company,3CwGxaRLRyEw6OiSbVhdRE,Ray Charles,1eYhYunlNJlDoQhtYBvPsi,2005,12,1,0.4929166666666666,0.42275,6.166666666666668,-9.725916666666668,0.75,0.06630000000000001,0.6050000000000001,0.0009260583333333332,0.18161666666666668,0.37059166666666665,121.05075,258129.5,3.75
215,American Idiot - The Original Broadway Cast Recording,1wO2srr9om17YtEvouoBue,Green Day,7oPftvlwr6VrsViSDV7fJY,2005,22,0,0.44440909090909103,0.7365909090909089,5.8181818181818175,-4.8175,0.8636363636363636,0.04770454545454547,0.12643416363636367,3.548181818181818e-05,0.1993272727272727,0.4892727272727271,146.69113636363633,226715.0909090909,4.045454545454546
216,The College Dropout,4Uv86qWpGTxf7fU7lG5X6F,Kanye West,5K4W6rqBFWDnAN6FQUkS6x,2005,21,0,0.5795238095238096,0.5935714285714285,5.571428571428571,-7.796428571428571,0.5238095238095238,0.40761428571428576,0.3600219047619048,6.542857142857144e-07,0.321,0.6649999999999999,109.78414285714285,218258.3333333333,3.9047619047619047
217,Confessions (Expanded Edition),1RM6MGv6bcl6NrAG8PGoZk,Usher,23zg3TcAtWQy7J6upgbUnj,2005,21,0,0.7659523809523809,0.5603333333333332,4.333333333333333,-7.1378571428571425,0.7142857142857143,0.11863333333333333,0.133602,0.0006363947619047619,0.16093333333333334,0.6289523809523809,114.61876190476193,224439.3333333333,3.952380952380953
218,The Diary Of Alicia Keys,6TqRKHLjDu5QZuC8u5Woij,Alicia Keys,3DiDSECUqqY1AuBP8qtaIa,2005,15,0,0.6143333333333333,0.5842666666666666,7.333333333333332,-8.471400000000001,0.4666666666666667,0.10894666666666668,0.34453333333333336,0.03857090933333334,0.18859333333333334,0.5025333333333334,113.37146666666668,231502.13333333327,3.8
219,How To Dismantle An Atomic Bomb,5PQPur1PEZFDkI0AXbxFlB,U2,51Blml2LZPmy7TTiAg47vQ,2006,12,1,0.4141666666666667,0.7349166666666666,6.416666666666668,-5.0175833333333335,0.75,0.04080833333333333,0.04161066666666667,0.10695625,0.1441916666666667,0.358125,139.14058333333335,261177.83333333328,4.0
220,Chaos And Creation In The Backyard,0XcNHzWiVE1RAQrQ4tvtOZ,Paul McCartney,4STHEaNw4mPZ2tzheohgXB,2006,14,0,0.5392857142857143,0.4920714285714286,6.142857142857142,-7.822357142857142,0.7857142857142857,0.02947142857142857,0.41512142857142864,0.12251019142857145,0.1235,0.3455714285714286,122.52721428571431,199731.5,4.0
221,The Emancipation of Mimi,43iBTEWECK7hSnE0p6GgNo,Mariah Carey,4iHNK0tOyZPYnBU7nGAgpQ,2006,14,0,0.7055714285714287,0.6134285714285715,4.571428571428571,-6.2205,0.5,0.09918571428571428,0.2571142857142857,8.795714285714285e-06,0.14199285714285714,0.6532857142857144,111.0137857142857,214887.6428571429,4.0
222,Late Registration,5ll74bqtkcXlKE7wwkMq4g,Kanye West,5K4W6rqBFWDnAN6FQUkS6x,2006,21,0,0.5956190476190477,0.6364761904761904,7.523809523809524,-7.859238095238097,0.5238095238095238,0.3764000000000001,0.1802461904761905,0.002186633333333333,0.20098095238095245,0.520904761904762,97.77452380952386,200106.04761904766,3.7142857142857135
223,Love Angel Music Baby - 15th Anniversary Edition,2FCeFtMkigKLecYFX4syuH,Gwen Stefani,4yiQZ8tQPux8cPriYMWUFP,2006,12,0,0.75575,0.8617499999999999,5.166666666666667,-3.0516666666666667,0.5833333333333334,0.0793,0.06962108333333335,0.0002554883333333333,0.2470833333333333,0.7056666666666667,127.24583333333332,241543.33333333328,4.0
224,Taking The Long Way,2NeJdEWras0uSuzLPlJZk5,The Chicks,25IG9fa7cbdmCIy3OnuH57,2007,14,1,0.5210714285714285,0.6468571428571428,5.142857142857143,-4.220714285714285,1.0,0.03527142857142858,0.2930142857142857,0.0013795292857142851,0.15817857142857142,0.4153571428571428,105.22714285714285,284569.0,3.928571428571429
225,Continuum,1Xsprdt1q9rOzTic7b9zYM,John Mayer,0hEurMDQu99nJRq8pTxO14,2007,12,0,0.6238333333333334,0.4651666666666667,4.0,-9.112166666666663,0.8333333333333334,0.039075,0.4634416666666667,0.00786575,0.11887500000000002,0.45175,122.12808333333332,249348.83333333328,3.9166666666666665
226,FutureSex/LoveSounds,2scB1uhcCI1TSf6b9TCZK3,Justin Timberlake,31TPClRtHm23RisEBtV3X7,2007,12,0,0.7636666666666668,0.5989166666666667,5.333333333333333,-6.225666666666666,0.3333333333333333,0.10502500000000002,0.18945833333333334,0.0026691141666666672,0.22024166666666664,0.6431666666666667,108.09691666666667,331405.41666666674,4.0
227,St. Elsewhere,7p2aWivr9OLXocSTTKtG9B,Gnarls Barkley,5SbkVQYYzlw1kte75QIabH,2007,16,0,0.67575,0.8496250000000001,6.8125,-4.8206250000000015,0.375,0.13177499999999998,0.1012470625,0.129898051875,0.3277875,0.7598124999999999,127.8713125,159399.875,4.0
228,Stadium Arcadium,7xl50xr9NDkd3i2kBbzsNZ,Red Hot Chili Peppers,0L8ExT028jH3ddEcZwqJJ5,2007,29,0,0.5261724137931035,0.7801034482758621,4.758620689655173,-4.526034482758621,0.6206896551724138,0.08717241379310345,0.11802027586206895,0.004931473103448276,0.17435862068965513,0.5006896551724138,119.37924137931034,313905.6896551724,3.931034482758621
229,River: The Joni Letters (Expanded Edition),3POVQYTvE1DYjlLWulZpTR,Herbie Hancock,2ZvrvbQNrHKwjT7qfGFFUW,2008,14,1,0.4881428571428571,0.25703571428571426,5.7142857142857135,-13.862214285714288,0.7857142857142857,0.03877857142857143,0.87,0.1977357185714286,0.11602142857142858,0.25842857142857145,120.03964285714285,413924.85714285716,3.6428571428571432
230,Back To Black,097eYvf9NKjFnv4xA9s2oV,Amy Winehouse,6Q192DXotxtaysaqNPy5yR,2008,11,0,0.5810909090909089,0.7633636363636362,6.090909090909091,-4.005727272727273,0.6363636363636364,0.06627272727272727,0.2006672727272728,0.005658057272727272,0.16203636363636365,0.5315454545454545,113.74136363636366,189670.36363636365,3.9090909090909087
231,"Echoes, Silence, Patience & Grace",3ilXDEG0xiajK8AbqboeJz,Foo Fighters,7jy3rLJdDQY21OgRLCZ9sD,2008,12,0,0.4785833333333334,0.6265833333333334,4.5,-7.419500000000002,0.9166666666666666,0.03795833333333334,0.20938548166666665,0.071712485,0.11032500000000002,0.3450833333333333,131.75758333333334,256027.58333333328,3.8333333333333335
232,Graduation,4SZko61aMnmgvNhfhgTuD3,Kanye West,5K4W6rqBFWDnAN6FQUkS6x,2008,14,0,0.575857142857143,0.6229285714285714,5.928571428571429,-7.312714285714287,0.5714285714285714,0.1854642857142857,0.11667,4.0228571428571414e-05,0.29922857142857145,0.5192857142857142,100.12928571428571,233519.07142857145,3.928571428571429
233,These Days,5U8DDPCb02kToIqaIyvVMo,Vince Gill,3IhWQSrLj8EJjdvjFTpCyo,2008,43,0,0.5866046511627908,0.5678372093023256,5.3023255813953485,-7.979581395348836,0.9069767441860463,0.03172790697674418,0.4856999999999999,0.003454335348837209,0.16573488372093026,0.5301348837209302,121.71162790697676,230484.65116279072,3.86046511627907
234,Raising Sand,54GfJ3ZEY2b6PKmvETmj1n,Robert Plant,1OwarW4LEHnoep20ixRA0y,2009,13,1,0.5244615384615385,0.4484615384615384,5.461538461538462,-10.553,0.6153846153846154,0.03978461538461538,0.4325076923076922,0.2815662923076924,0.12833076923076925,0.4300692307692308,125.02692307692308,263860.6153846154,3.9230769230769234
235,In Rainbows,5vkqYmiPBYLaalcmjujWxK,Radiohead,4Z8W4fKeB5YxbusRsdQVPb,2009,10,0,0.5283,0.5917999999999999,5.2,-8.691,0.4,0.03762,0.460913,0.385966,0.09336,0.39673,119.4506,255862.0,3.9
236,Tha Carter III,5BGzOpea6At0Nd7tYtYZOP,Lil Wayne,55Aa2cqylxrFIXC767Z865,2009,16,0,0.6805000000000001,0.579875,4.9375,-8.257874999999999,0.5,0.2254,0.091300625,0.000434276875,0.25860625000000004,0.527375,125.08037500000002,292710.875,4.0625
237,Viva La Vida or Death and All His Friends,1CEODgTmTwLyabvwd7HBty,Coldplay,4gzpq5DPGxSnKTe4SA8HAU,2009,10,0,0.3169,0.6579,5.9,-8.2849,0.6,0.03871,0.11528599999999999,0.437132323,0.2088,0.2618,126.5466,275506.5,3.9
238,Year Of The Gentleman (Bonus Track Edition),6dTn9vJSxVTIGm4Cu5dH4x,Ne-Yo,21E3waRsmPlU7jZsS13rcj,2009,13,0,0.6813846153846153,0.6629999999999999,4.076923076923077,-5.7548461538461515,0.7692307692307693,0.06336923076923076,0.27203076923076924,2.703076923076923e-06,0.14712307692307688,0.4887692307692307,132.4566923076923,250654.23076923078,3.9230769230769234
239,Fearless,2dqn5yOQWdyGwOpOIi9O4x,Taylor Swift,06HL4z0CvFAxyc27GXpf02,2010,13,1,0.5927692307692307,0.6373076923076924,4.6923076923076925,-5.276000000000002,1.0,0.03299230769230769,0.1759369230769231,1.7646153846153846e-06,0.14555384615384614,0.3842307692307693,113.23546153846151,247144.6923076923,4.0
240,Big Whiskey and the GrooGrux King (Expanded Edition),23Jn0SkJJDoFmoHYnfrTxu,Dave Matthews Band,2TI7qyDE0QfyOlnbtfDo7L,2010,20,0,0.54875,0.7499000000000002,3.9,-6.5939000000000005,0.75,0.05131,0.16389345000000002,0.05533673,0.387075,0.5222000000000001,112.68845000000002,260553.25,3.8
241,THE E.N.D. (THE ENERGY NEVER DIES),3lng6RAtdksQ2q02Fk5jaB,Black Eyed Peas,1yxSLGMDHlW21z4YXirZDS,2010,15,0,0.7790666666666667,0.6603333333333333,5.066666666666666,-6.841933333333333,0.4666666666666667,0.11087999999999999,0.095948,0.009863186666666666,0.3017333333333333,0.5508,122.04806666666668,265694.2,4.0
242,The Fame,1jpUMnKpRlng1OJN7LJauV,Lady Gaga,1HY2Jd0NmPuamShAr6KMms,2010,15,0,0.7791333333333333,0.76,4.266666666666667,-4.484733333333334,0.6,0.06406,0.06287733333333333,0.003400266,0.14683333333333334,0.7312000000000001,120.98713333333332,216410.6,4.0
243,I AM...SASHA FIERCE,23Y5wdyP5byMFktZf8AcWU,Beyoncé,6vWDO969PvNqNYHIOW5v0m,2010,16,0,0.5243125,0.5526249999999999,3.875,-7.728750000000002,0.875,0.1075125,0.21560625,0.002663946875,0.17773125,0.384,106.33868750000002,231835.0,3.875
244,The Suburbs,3DrgM5X3yX1JP1liNLAOHI,Arcade Fire,3kjuyTCjPG1WMFCiyc5IuB,2011,16,1,0.448625,0.7213812500000001,5.5625,-7.534562500000002,0.6875,0.045250000000000005,0.2175929375,0.23103187500000005,0.20523750000000007,0.41821875,127.59081249999998,240316.625,3.8125
245,Need You Now,3hnGcNi8oqGdwTm3CeniFA,Lady A,32WkQRZEVKSzVAAYqukAEA,2011,11,0,0.589,0.7214545454545455,5.181818181818182,-4.764454545454545,0.9090909090909092,0.039118181818181816,0.1858327272727273,0.00017229181818181818,0.16759090909090907,0.4313636363636363,117.14145454545452,241379.45454545453,3.9090909090909087
246,Recovery,47BiFcV59TQi2s9SkBo2pb,Eminem,7dGJo4pcD2V6oG8kP0tJRR,2011,17,0,0.668529411764706,0.9168823529411764,5.470588235294118,-2.503,0.7647058823529411,0.2466588235294117,0.15259411764705882,1.3e-07,0.3044941176470588,0.5481764705882354,114.81652941176468,272013.29411764705,3.941176470588236
247,Teenage Dream,2eQMC9nJE3f3hCNKlYYHL1,Katy Perry,6jJ0s89eD6GaHleKKya26X,2011,12,0,0.6565,0.7495833333333334,4.083333333333333,-4.752583333333334,0.75,0.05795,0.10405183333333333,3.0150000000000008e-06,0.211175,0.6042500000000001,132.92016666666666,234109.41666666663,4.0
248,The Fame Monster (Deluxe Edition),6rePArBMb5nLWEaY9aQqL4,Lady Gaga,1HY2Jd0NmPuamShAr6KMms,2011,23,0,0.7272173913043479,0.7740000000000001,4.260869565217392,-4.731826086956521,0.6086956521739131,0.05556956521739132,0.062051939130434774,0.002424451739130435,0.1751521739130435,0.6437391304347826,118.93891304347824,230444.0,4.0
249,21,0Lg1uZvI312TPqxNWShFXL,Adele,4dpARuHxo51G3z768sgnrY,2012,11,1,0.5802727272727273,0.5339999999999999,2.636363636363636,-6.081818181818183,0.6363636363636364,0.036027272727272734,0.4391436363636363,0.00021603272727272732,0.11753636363636365,0.4149090909090909,133.50972727272728,262265.9090909091,3.9090909090909087
250,Doo-Wops & Hooligans,1uyf3l2d4XYwiEqAb7t7fX,Bruno Mars,0du5cEVh5yTK9QJze8zA0C,2012,10,0,0.6454000000000001,0.6763,5.1,-5.246499999999998,0.3,0.04535,0.30496999999999996,3.7e-07,0.14068999999999998,0.5552400000000001,123.17019999999998,212664.6,4.0
251,Born This Way,2KkMVsxymoNR7hRmBcMttd,Lady Gaga,1HY2Jd0NmPuamShAr6KMms,2012,14,0,0.6170714285714285,0.8125714285714286,5.0,-5.5452142857142865,0.6428571428571429,0.05674999999999999,0.007378642857142856,0.01997157642857143,0.29812857142857146,0.4807142857142858,124.78592857142857,262365.85714285716,4.0
252,Loud,35dJsQDEr549O5DTFUy3uM,Rihanna,5pKCCKE2ajJHZ9KAiaK11H,2012,11,0,0.6309090909090909,0.7607272727272728,5.727272727272728,-4.409,0.6363636363636364,0.08885454545454546,0.12335454545454545,1.6534545454545454e-05,0.12955454545454545,0.5061818181818182,123.4039090909091,255647.27272727274,4.0
253,Wasting Light,5lnQLEUiVDkLbFJHXHQu9m,Foo Fighters,7jy3rLJdDQY21OgRLCZ9sD,2012,11,0,0.44618181818181823,0.8184545454545454,7.636363636363638,-4.4920909090909085,0.4545454545454545,0.03918181818181818,7.600272727272728e-05,0.08453521545454544,0.2410454545454545,0.4784545454545455,132.39436363636364,261092.0909090909,3.9090909090909087
254,Babel (Deluxe Version),4Blt0T4LKGdWreILkYZre3,Mumford & Sons,3gd8FJtBJtkRxdfbTu19U2,2013,15,1,0.4040666666666666,0.5150666666666666,3.533333333333333,-9.004733333333332,0.9333333333333332,0.038520000000000006,0.27315133333333336,0.0018443486666666672,0.15860666666666667,0.2814,107.77233333333334,254364.86666666673,4.0
255,Blunderbuss,6eSJ0lu0uwtiqXkP7Qrrno,Jack White,4FZ3j1oH43e7cukCALsCwf,2013,13,0,0.4525384615384614,0.6786923076923076,7.230769230769232,-10.749384615384617,0.6923076923076923,0.06876923076923076,0.17265206923076926,0.08947579769230771,0.16416923076923076,0.4979230769230769,140.42707692307692,193392.6923076923,3.8461538461538463
256,channel ORANGE,392p3shh2jkxUxY2VHvlH8,Frank Ocean,2h93pZq0e7k5yf4dywlkpM,2013,17,0,0.5468823529411765,0.4831411764705882,6.1764705882352935,-10.392588235294117,0.6470588235294118,0.1434764705882353,0.3993823529411764,0.16122110176470592,0.27267647058823524,0.39844705882352943,112.03476470588234,196909.0,3.647058823529412
257,El Camino,5DLhV9yOvZ7IxVmljMXtNm,The Black Keys,7mnBLXK823vNxN3UWB7Gfz,2013,11,0,0.5392727272727273,0.7234545454545455,3.363636363636364,-6.004363636363636,0.6363636363636364,0.0411909090909091,0.02283036363636364,0.07248745181818181,0.22433636363636367,0.5506363636363636,123.97636363636364,209638.81818181818,4.0
258,Some Nights,7iycyHwOW2plljYIK6I1Zo,fun.,5nCi3BB41mBaMH9gfr6Su0,2013,12,0,0.4775833333333333,0.6676666666666667,4.75,-6.1649166666666675,0.8333333333333334,0.06705833333333333,0.203343975,5.6903333333333335e-05,0.194975,0.4645833333333334,136.84091666666666,252262.33333333328,4.083333333333333
259,Random Access Memories,4m2880jivSbbyEGAKfITCa,Daft Punk,4tZwfgrHOc3mvqYlEYSvVi,2014,13,1,0.6864615384615386,0.5858461538461538,7.538461538461537,-10.704076923076922,0.15384615384615385,0.04431538461538462,0.2879061538461538,0.3736202669230769,0.1328769230769231,0.4882307692307692,114.47115384615385,344407.23076923075,4.0
260,The Blessed Unrest,7lpbyGc4fHsQkBTsfWVBhp,Sara Bareilles,2Sqr0DXoaYABbjBo9HaMkM,2014,12,0,0.5924166666666667,0.5650000000000001,4.166666666666667,-6.613833333333332,0.75,0.04084166666666667,0.2799433333333333,0.0049952600000000005,0.07876666666666668,0.42944166666666655,122.02649999999998,253454.33333333328,3.9166666666666665
261,"good kid, m.A.A.d city (Deluxe)",3DGQ1iZ9XKUQxAUWjfC34w,Kendrick Lamar,2YZyLoL8N0Wb9xBt1NhZWg,2014,17,0,0.6012941176470589,0.6767058823529413,4.529411764705882,-7.811941176470588,0.4705882352941176,0.26831764705882355,0.12321858823529412,0.0006690170588235294,0.31141176470588233,0.3982058823529412,116.04505882352942,325379.5294117647,4.0588235294117645
262,The Heist,76FXHQhTuT4QMIxfL09gX8,Macklemore & Ryan Lewis,5BcAKTbp20cv7tC5VqPFoC,2014,15,0,0.5880666666666667,0.7138000000000001,4.933333333333334,-7.067466666666667,0.5333333333333333,0.21968,0.29885333333333336,0.06163451666666666,0.15919333333333335,0.4980266666666667,110.48453333333332,256484.0666666667,4.0
263,Red (Deluxe Edition),1KlU96Hw9nlvqpBPlSqcTV,Taylor Swift,06HL4z0CvFAxyc27GXpf02,2014,22,0,0.6333636363636364,0.6007727272727272,4.227272727272728,-7.380045454545454,0.8636363636363636,0.03657727272727273,0.14879850000000006,0.0018023640909090911,0.12621363636363636,0.4681909090909091,110.29672727272732,246048.4090909091,3.954545454545455
264,Morning Phase,2Qx7dgA5VjX8JDQaXVxzHu,Beck,3vbKDsSS70ZX9D2OcvbZmS,2015,13,1,0.4534692307692307,0.39992307692307694,4.846153846153847,-9.843461538461538,0.9230769230769232,0.0303,0.4302076923076923,0.2147397692307692,0.12515384615384614,0.22060769230769234,120.37907692307694,217464.61538461535,3.8461538461538463
265,BEYONCÉ [Platinum Edition],2UJwKSBUz6rtW4QLK74kQu,Beyoncé,6vWDO969PvNqNYHIOW5v0m,2015,20,0,0.5583999999999998,0.55365,4.4,-8.5243,0.6,0.13681500000000002,0.1938735,0.005464895500000002,0.2690100000000001,0.3747250000000001,129.90505000000002,280558.7,3.75
266,G I R L,0lrmy4pJINsFzycJvttX2W,Pharrell Williams,2RdwBSPQiwcmiDo9kixcl8,2015,11,0,0.7780909090909092,0.6894545454545455,5.636363636363638,-6.965090909090908,0.3636363636363637,0.12566363636363634,0.17445454545454545,0.01392609909090909,0.11931818181818182,0.6779999999999999,124.38109090909091,277154.0,4.0
267,In The Lonely Hour,08jWgM4vSkTose4blKBWov,Sam Smith,2wY79sveU1sp5g7SokKOiI,2015,10,0,0.5479,0.4286,3.3,-8.1084,0.6,0.055179999999999986,0.6087999999999999,0.000351641,0.14502,0.3394,101.89679999999998,197062.8,4.1
268,+,02pi98kE0nra0yBqCStzbC,Ed Sheeran,6eUKZXaKkcviH0Ku9w2n3V,2015,16,0,0.6468125,0.40330625,6.8125,-11.300937499999998,0.875,0.08068750000000001,0.57169375,0.000646449375,0.16326875,0.4860625000000001,101.6931875,246451.3125,3.8125
269,1989,2QJmrSgbdM35R67eoGQo4j,Taylor Swift,06HL4z0CvFAxyc27GXpf02,2016,13,1,0.6502307692307692,0.6987692307692307,4.6923076923076925,-6.236461538461539,1.0,0.06625384615384616,0.11317538461538462,0.0009060653846153845,0.15457692307692308,0.4619076923076924,118.55246153846156,225220.46153846156,4.0
270,Beauty Behind The Madness,0P3oVJBFOv3TDXlYRhGL7s,The Weeknd,1Xyo4u8uXC1ZmMpatF05PJ,2016,14,0,0.5632857142857143,0.5205,4.785714285714286,-8.530857142857142,0.21428571428571427,0.04893571428571429,0.21787142857142866,0.0005261642857142859,0.16828571428571432,0.2983642857142857,119.25557142857141,279485.64285714284,3.7857142857142856
271,Sound & Color,0GaYG9L1sXHQZZ7BTk0hGY,Alabama Shakes,16GcWuvvybAoaHr0NqT8Eh,2016,12,0,0.4706666666666666,0.6108333333333333,7.5,-6.1915,0.5,0.07612500000000001,0.45549775,0.2315708333333333,0.13425,0.42365,127.84424999999996,237382.25,3.5
272,To Pimp A Butterfly,7ycBtnsMtyVbbwTfJwRjSP,Kendrick Lamar,2YZyLoL8N0Wb9xBt1NhZWg,2016,16,0,0.59075,0.7076250000000001,5.875,-5.8020625,0.5,0.294175,0.32288875,1.0789375e-05,0.31841875000000003,0.4871875,103.4445625,296225.75,3.8125
273,Traveller,7lxHnls3yQNl8B9bILmHj7,Chris Stapleton,4YLtscXsxbVgi031ovDDdh,2016,14,0,0.5441428571428572,0.4445357142857142,4.357142857142857,-10.384214285714286,0.8571428571428571,0.03300714285714286,0.28953357142857145,0.04896702714285715,0.16071428571428573,0.4325714285714285,113.69414285714285,270493.21428571426,3.7142857142857135
274,25,3AvPX1B1HiFROvYjLb5Qwi,Adele,4dpARuHxo51G3z768sgnrY,2017,11,1,0.4964545454545455,0.5000909090909091,3.727272727272727,-6.171818181818183,0.5454545454545454,0.04276363636363637,0.3686927272727273,2.2772727272727277e-06,0.14803636363636366,0.29554545454545456,123.06772727272728,264172.9090909091,3.8181818181818175
275,Lemonade,7dK54iZuOxXFarGhXwEXfF,Beyoncé,6vWDO969PvNqNYHIOW5v0m,2017,13,0,0.5343846153846153,0.486,5.9230769230769225,-9.684461538461537,0.6153846153846154,0.14319230769230767,0.3781823076923077,0.05929646,0.25702307692307697,0.3990307692307693,124.169,227179.53846153853,3.8461538461538463
276,Purpose (Deluxe),6Fr2rQkZ383FcMqFyT7yPr,Justin Bieber,1uNFoZAHBGtllmzznpCI3s,2017,19,0,0.5850526315789474,0.5941052631578948,5.2631578947368425,-7.174473684210527,0.3684210526315789,0.11796842105263157,0.33541052631578944,8.138421052631577e-05,0.17014736842105266,0.4676263157894736,116.27310526315792,219965.63157894733,3.8947368421052633
277,A Sailor's Guide to Earth,5I3UdCxtIh6hkQ7rMPUvA4,Sturgill Simpson,3vDpQbGnzRbRVirXlfQagB,2017,9,0,0.4572222222222223,0.5861111111111111,4.666666666666667,-7.576888888888887,0.6666666666666666,0.04281111111111111,0.24008555555555555,0.13980601,0.2418666666666667,0.44122222222222224,107.19533333333334,259367.44444444447,3.888888888888889
278,Views,2yIwhsIWGRQzGQdn1czSK0,Drake,3TVXtAsR1Inumwj472S9r4,2017,20,0,0.6768000000000001,0.52055,3.8,-8.966999999999997,0.75,0.15611,0.11784765,0.000397292,0.213945,0.27575,116.8366,243774.65,3.7
279,24K Magic,4PgleR09JVnm3zY1fW3XBA,Bruno Mars,0du5cEVh5yTK9QJze8zA0C,2018,9,1,0.6905555555555555,0.6903333333333334,3.111111111111111,-5.385222222222222,0.5555555555555556,0.06698888888888889,0.04279,7.864444444444444e-06,0.13526666666666667,0.6958888888888889,136.3101111111111,223559.5555555556,4.0
280,"""Awaken, My Love!""",4Carzsnpd6yvuHZ49I0oz8,Childish Gambino,73sIBHcqh3Z3NyqHKZ7FOL,2018,11,0,0.6026363636363636,0.4730909090909092,3.1818181818181817,-10.846636363636367,0.6363636363636364,0.11067272727272726,0.3028386363636364,0.1400998818181818,0.18215454545454549,0.4859363636363637,127.01627272727272,267442.36363636365,3.727272727272727
281,DAMN.,4eLPsYPBmXABThSJ821sqY,Kendrick Lamar,2YZyLoL8N0Wb9xBt1NhZWg,2018,14,0,0.6629999999999999,0.5848571428571429,3.571428571428572,-7.863857142857142,0.5714285714285714,0.2757285714285715,0.17544442857142856,0.0061417792857142856,0.2230714285714286,0.4799285714285714,136.75185714285715,235783.7857142857,4.0
282,4:44,7GoZNNb7Yl74fpk8Z6I2cv,JAY-Z,3nFkdlSjzX9mRTtwJOzDYB,2018,10,0,0.6019,0.7475999999999999,5.5,-6.4276,0.7,0.3445,0.2949,4.7209999999999985e-06,0.26662,0.5576,118.431,217223.9,4.0
283,Melodrama,2B87zXm9bOWvAJdkJBTpzF,Lorde,163tK9Wjr9P9DmM0AVK7lm,2018,11,0,0.5894545454545455,0.4138181818181818,4.090909090909091,-9.371090909090908,0.6363636363636364,0.0795,0.3358281818181817,0.002006126363636364,0.11390909090909092,0.2749090909090909,102.87536363636364,223867.45454545453,4.0
284,Golden Hour,7f6xPqyaolTiziKf5R5Z0c,Kacey Musgraves,70kkdajctXSbqSMJbQO424,2019,13,1,0.6136923076923078,0.5343846153846153,5.769230769230768,-7.148846153846155,0.7692307692307693,0.0362,0.4124384615384615,0.0013826315384615384,0.1094923076923077,0.4596153846153846,108.53146153846156,211413.38461538465,4.0
285,beerbongs & bentleys,6trNtQUgC8cgbWcqoMYkOR,Post Malone,246dkjvS1zLTtiykXe5h60,2019,18,0,0.6537222222222222,0.6317222222222223,5.277777777777779,-5.650555555555557,0.5,0.07289444444444443,0.3476666666666666,0.03461841833333333,0.15215555555555552,0.3435555555555556,136.37077777777776,214114.22222222228,4.0
286,Black Panther The Album Music From And Inspired By,3pLdWdkj83EYfDN6H2N8MR,Kendrick Lamar,2YZyLoL8N0Wb9xBt1NhZWg,2019,14,0,0.6852142857142856,0.6192142857142856,4.642857142857143,-7.252571428571428,0.7142857142857143,0.21603571428571436,0.18514357142857146,0.001985717857142857,0.17894285714285715,0.4227142857142857,121.264,211326.7142857143,4.0
287,"By The Way, I Forgive You",2wDKBKgco7u3V1IWEK5V8l,Brandi Carlile,2sG4zTOLvjKG1PSoOyf5Ej,2019,10,0,0.4451,0.5972,7.0,-5.876600000000002,1.0,0.04384,0.4133990000000001,0.000729638,0.13388999999999998,0.35740000000000005,111.5698,260529.2,3.9
288,Dirty Computer,2PjlaxlMunGOUvcRzlTbtE,Janelle Monáe,6ueGR6SWhUJfvEhqkvMsVs,2019,14,0,0.6399285714285714,0.4619285714285714,5.7857142857142865,-9.782714285714286,0.8571428571428571,0.08665714285714285,0.2762457142857143,0.06890337071428572,0.27395714285714284,0.30496428571428563,108.68414285714287,208823.42857142855,4.071428571428571
289,H.E.R.,0pV0Mx07aMApIpF19oSQgY,H.E.R.,3Y7RZ31TRPVadSFVy1o8os,2019,21,0,0.5205238095238095,0.40471428571428575,4.857142857142857,-11.088333333333335,0.14285714285714285,0.12462857142857145,0.4641433333333334,0.01228182333333333,0.11641428571428572,0.2621571428571429,106.96690476190477,205766.2857142857,3.952380952380953
290,Invasion of Privacy,4KdtEKjY3Gi0mKiSdy96ML,Cardi B,4kYSro6naA4h99UJvo89HB,2019,13,0,0.8443076923076922,0.6135384615384616,6.0769230769230775,-6.84376923076923,0.5384615384615384,0.23815384615384616,0.10736230769230767,0.00010742076923076924,0.16876923076923075,0.4626153846153845,134.7073076923077,222941.76923076922,4.0
291,Scorpion,1ATL5GLyefJaxhQzSPVrLX,Drake,3TVXtAsR1Inumwj472S9r4,2019,25,0,0.70812,0.51176,5.0,-8.71164,0.64,0.206576,0.1943216,0.003382294400000001,0.184372,0.322944,121.66384000000002,217055.96,3.88
292,"WHEN WE ALL FALL ASLEEP, WHERE DO WE GO?",0S0KGZnfBGSIssfF54WSJh,Billie Eilish,6qqNVTkY8uBg9cP3Jd7DAH,2020,14,1,0.5837857142857145,0.2817214285714286,5.0,-15.08507142857143,0.7142857142857143,0.19308571428571428,0.6568571428571428,0.12069272,0.2393071428571429,0.28800714285714285,105.49428571428572,183947.6428571429,3.571428571428572
293,Cuz I Love You,6dFFcYQ8VhifgdKgYY5LYL,Lizzo,56oDRnqbIiwx4mymNEv7dS,2020,11,0,0.7068181818181818,0.7315454545454546,4.545454545454546,-4.324363636363636,0.8181818181818182,0.12988181818181818,0.05154272727272727,0.00018640181818181816,0.3042909090909091,0.6317272727272727,127.84654545454543,181661.18181818182,3.8181818181818175
294,Father of the Bride,1A3nVEWRJ8yvlPzawHI1pQ,Vampire Weekend,5BvJzeQpmsdsFp4HGUYUEx,2020,18,0,0.6423888888888887,0.5041666666666667,7.166666666666668,-7.761888888888889,0.8888888888888888,0.06218888888888888,0.5229777777777778,0.016057693888888887,0.1689166666666667,0.5277777777777778,118.15022222222223,193442.94444444447,4.0
295,"i,i",0aldG5AoqOUDkEbsGtI9TW,Bon Iver,4LEiUm1SRbFMgfqnQTwUbQ,2020,13,0,0.4549230769230768,0.3243153846153846,4.615384615384615,-12.266846153846151,0.7692307692307693,0.09782307692307693,0.8820769230769231,0.0554819153846154,0.23918461538461536,0.2537307692307693,119.24484615384615,183175.53846153847,3.8461538461538463
296,I Used To Know Her,0IMTA2Wz6p8CNZ0MDK2zvg,H.E.R.,3Y7RZ31TRPVadSFVy1o8os,2020,19,0,0.5500526315789473,0.4922105263157895,3.947368421052632,-9.298842105263155,0.4736842105263158,0.16764736842105266,0.4711421052631579,0.0030976163157894736,0.1675,0.371057894736842,107.5017894736842,227946.0,3.947368421052632
297,Norman Fucking Rockwell!,5XpEKORZ4y6OrCZSKsi46A,Lana Del Rey,00FQb4jTyendYWaN8pK0wa,2020,14,0,0.4646428571428571,0.2698642857142857,6.5,-12.040857142857144,0.42857142857142855,0.03665,0.8220714285714285,0.04830235,0.11763571428571427,0.2312142857142857,95.804,290562.71428571426,3.6428571428571432
298,7 EP,4IRiXE5NROxknUSAUSjMoO,Lil Nas X,7jVv8c5Fj3E9VhNjxT4snq,2020,8,0,0.7515000000000001,0.5866250000000001,5.875,-6.646625,0.625,0.1109625,0.15275000000000002,8.775375e-05,0.1583625,0.531375,142.74237499999995,141091.75,4.0
299,"thank u, next",2fYhqwDWXjbpjaIJPEfKFw,Ariana Grande,66CXWjxzNUsdJxJ2JdwvnR,2020,12,0,0.66825,0.5255833333333334,4.666666666666667,-6.622000000000001,0.6666666666666666,0.14164166666666667,0.2987333333333333,0.004568407499999999,0.1547416666666667,0.3889166666666666,113.23116666666664,205851.16666666663,3.8333333333333335
300,folklore,2fenSS68JI1h4Fo296JfGr,Taylor Swift,06HL4z0CvFAxyc27GXpf02,2021,16,1,0.567875,0.4250625,4.0,-10.2470625,0.875,0.04043125,0.7108125,0.00021095437500000006,0.11262500000000003,0.38125,116.1481875,238537.125,4.0
301,Black Pumas,4KJGypBUe7ANibtri1msUe,Black Pumas,6eU0jV2eEZ8XTM7EmlguK6,2021,10,0,0.5902999999999999,0.6312,6.9,-8.305,0.2,0.04205,0.26048000000000004,0.016899598999999998,0.17332,0.7149,124.8629,238660.0,3.8
302,Chilombo,5jlE1zlhT3mEWw0mRpN920,Jhené Aiko,5ZS223C6JyBfXasXxrRqOk,2021,20,0,0.4791,0.400095,5.85,-11.3861,0.45,0.17045499999999994,0.59701,0.00023720299999999999,0.20125500000000004,0.36635,106.4936,190761.35,3.85
303,Everyday Life,2FeyIYDDAQqcOJKOKhvHdr,Coldplay,4gzpq5DPGxSnKTe4SA8HAU,2021,16,0,0.4563125,0.4158125,6.4375,-12.204875,0.8125,0.05384375,0.6235202500000001,0.3656518750000002,0.19864375,0.2923187500000001,125.223,198512.5,3.8125
304,Djesse Vol. 3,33cj3kzLqVOg9zvy69Wrc8,Jacob Collier,0QWrMNukfcVOmgEU0FEDyD,2021,12,0,0.5600833333333334,0.5458333333333333,3.6666666666666665,-9.520333333333337,0.8333333333333334,0.2857750000000001,0.4685000000000001,0.0014855983333333332,0.24374166666666666,0.43475833333333336,107.63433333333334,205433.41666666663,3.75
305,Future Nostalgia,7fJJK56U9fHixgO0HQkhtI,Dua Lipa,6M2wZ9GZgrQXHCFfjv46we,2021,11,0,0.7135454545454545,0.7150909090909091,5.727272727272728,-4.513545454545454,0.4545454545454545,0.08278181818181819,0.09091909090909092,8.053999999999997e-05,0.17267272727272728,0.6703636363636364,114.15872727272726,203940.72727272726,4.0
306,Hollywood's Bleeding,4g1ZRSobMefqF6nelkgibi,Post Malone,246dkjvS1zLTtiykXe5h60,2021,17,0,0.6072941176470589,0.6631764705882355,3.1764705882352944,-4.248,0.7647058823529411,0.08351176470588234,0.2795764705882353,0.0001460870588235294,0.14660588235294122,0.3861764705882353,120.84870588235296,180249.41176470587,4.0588235294117645
307,Women In Music Pt. III,396EJBtUzseofX2YCBJVvM,HAIM,4Ui2kfOqGujY81UcPrb5KE,2021,18,0,0.6462777777777777,0.618,4.666666666666667,-6.6352777777777785,0.8333333333333334,0.06928333333333334,0.3259666666666667,0.0028591277777777783,0.17414444444444446,0.608888888888889,116.46377777777779,193784.44444444447,4.0
